-- MySQL Script generated by MySQL Workbench
-- Sun Mar 27 17:25:41 2022
-- Model: New Model    Version: 1.0
-- MySQL Workbench Forward Engineering

SET @OLD_UNIQUE_CHECKS=@@UNIQUE_CHECKS, UNIQUE_CHECKS=0;
SET @OLD_FOREIGN_KEY_CHECKS=@@FOREIGN_KEY_CHECKS, FOREIGN_KEY_CHECKS=0;
SET @OLD_SQL_MODE=@@SQL_MODE, SQL_MODE='TRADITIONAL,ALLOW_INVALID_DATES';

-- -----------------------------------------------------
-- Schema BaseballDatabase
-- -----------------------------------------------------

-- -----------------------------------------------------
-- Schema BaseballDatabase
-- -----------------------------------------------------
CREATE SCHEMA IF NOT EXISTS `BaseballDatabase` DEFAULT CHARACTER SET utf8 ;
USE `BaseballDatabase` ;

-- -----------------------------------------------------
-- Table `BaseballDatabase`.`TeamPitching`
-- -----------------------------------------------------
CREATE TABLE IF NOT EXISTS `BaseballDatabase`.`TeamPitching` (
  `TeamAbrv` VARCHAR(3) NOT NULL,
  `Rank` INT NULL,
  `Year` YEAR NULL,
  `League` VARCHAR(45) NULL,
  `Wins` INT NULL,
  `Losses` INT NULL,
  `WinLoss%` DECIMAL(3,3) NULL,
  `ERA` DECIMAL(3,2) NULL,
  `CompleteGames` INT NULL,
  `Shutouts` INT NULL,
  `Saves` INT NULL,
  `InningsPitched` DOUBLE NULL,
  `Hits` INT NULL,
  `Runs` INT NULL,
  `EarnedRunsAllowed` INT NULL,
  `HomeRuns` INT NULL,
  `Walks` INT NULL,
  `Strikeouts` INT NULL,
  PRIMARY KEY (`TeamAbrv`))
ENGINE = InnoDB;


-- -----------------------------------------------------
-- Table `BaseballDatabase`.`PlayerPitching`
-- -----------------------------------------------------
CREATE TABLE IF NOT EXISTS `BaseballDatabase`.`PlayerPitching` (
  `Rank` INT NULL,
  `FirstName` VARCHAR(45) NULL,
  `LastName` VARCHAR(45) NULL,
  `StrikeOuts` INT NULL,
  `Year` YEAR NULL,
  `Age` INT NULL,
  `TeamAbrv` VARCHAR(3) NULL,
  `League` VARCHAR(2) NULL,
  `GamesPitched` INT NULL,
  `GamesStarted` INT NULL,
  `CompleteGames` INT NULL,
  `Shutouts` INT NULL,
  `Wins` INT NULL,
  `Losses` INT NULL,
  `WinLoss%` DECIMAL(4,3) NULL,
  `Saves` INT NULL,
  `InningsPitched` INT NULL,
  `HitsAllowed` INT NULL,
  `RunsAllowed` INT NULL,
  `EarnedRunsAllowed` INT NULL,
  `Walks` INT NULL,
  `ERA` DECIMAL(3,2) NULL,
  `Pitches` INT NULL,
  `Strikes` INT NULL,
  INDEX `fk_PlayerPitching_TeamPitching1_idx` (`TeamAbrv` ASC),
  CONSTRAINT `fk_PlayerPitching_TeamPitching1`
    FOREIGN KEY (`TeamAbrv`)
    REFERENCES `BaseballDatabase`.`Team` (`TeamAbrv`)
    ON DELETE NO ACTION
    ON UPDATE NO ACTION)
ENGINE = InnoDB;


-- -----------------------------------------------------
-- Table `BaseballDatabase`.`TeamBatting`
-- -----------------------------------------------------
CREATE TABLE IF NOT EXISTS `BaseballDatabase`.`TeamBatting` (
  `TeamAbrv` VARCHAR(3) NOT NULL,
  `Year` YEAR NULL,
  `League` VARCHAR(2) NULL,
  `Wins` INT NULL,
  `Losses` INT NULL,
  `Winning%` DECIMAL(3,3) NULL,
  `RunsPerGame` DECIMAL(4,2) NULL,
  `PlateApperances` INT NULL,
  `AtBats` INT NULL,
  `Runs` INT NULL,
  `Hits` INT NULL,
  `Homeruns` INT NULL,
  `RBI` INT NULL,
  `Walks` INT NULL,
  `StrikeOuts` INT NULL,
  `BattingAverage` DECIMAL(3,3) NULL,
  `OnBase%` DECIMAL(3,3) NULL,
  PRIMARY KEY (`TeamAbrv`),
  CONSTRAINT `fk_TeamBatting_TeamPitching1`
    FOREIGN KEY (`TeamAbrv`)
    REFERENCES `BaseballDatabase`.`TeamPitching` (`TeamAbrv`)
    ON DELETE NO ACTION
    ON UPDATE NO ACTION)
ENGINE = InnoDB;


-- -----------------------------------------------------
-- Table `BaseballDatabase`.`PlayerBatting`
-- -----------------------------------------------------
CREATE TABLE IF NOT EXISTS `BaseballDatabase`.`PlayerBatting` (
  `Rank` INT NULL,
  `FirstName` VARCHAR(45) NULL,
  `LastName` VARCHAR(45) NULL,
  `Homeruns` INT NULL,
  `Year` YEAR NULL,
  `Age` INT NULL,
  `TeamAbrv` VARCHAR(3) NULL,
  `League` VARCHAR(2) NULL,
  `GamesPlayed` INT NULL,
  `PlateAppearances` INT NULL,
  `AtBats` INT NULL,
  `Runs` INT NULL,
  `Hits` INT NULL,
  `RBI` INT NULL,
  `Walks` INT NULL,
  `StrikeOuts` INT NULL,
  `StolenBases` INT NULL,
  `BattingAvg` DECIMAL(3,3) NULL,
  `OnBase%` DECIMAL(3,3) NULL,
  `Position` VARCHAR(256) NULL,
  INDEX `fk_PlayerBatting_PlayerPitching2_idx` (`TeamAbrv` ASC),
  CONSTRAINT `fk_PlayerBatting_PlayerPitching2`
    FOREIGN KEY (`TeamAbrv`)
    REFERENCES `BaseballDatabase`.`PlayerPitching` (`TeamAbrv`)
    ON DELETE NO ACTION
    ON UPDATE NO ACTION,
  CONSTRAINT `fk_PlayerBatting_TeamPitching1`
    FOREIGN KEY (`TeamAbrv`)
    REFERENCES `BaseballDatabase`.`TeamPitching` (`TeamAbrv`)
    ON DELETE NO ACTION
    ON UPDATE NO ACTION,
  CONSTRAINT `fk_PlayerBatting_TeamBatting1`
    FOREIGN KEY (`TeamAbrv`)
    REFERENCES `BaseballDatabase`.`TeamBatting` (`TeamAbrv`)
    ON DELETE NO ACTION
    ON UPDATE NO ACTION)
ENGINE = InnoDB;


-- -----------------------------------------------------
-- Table `BaseballDatabase`.`BestPlayerBatting`
-- -----------------------------------------------------
CREATE TABLE IF NOT EXISTS `BaseballDatabase`.`BestPlayerBatting` (
  `Rank` INT NULL,
  `FirstName` VARCHAR(45) NULL,
  `LastName` VARCHAR(45) NULL,
  `Date` DATE NULL,
  `TeamAbrv` VARCHAR(3) NULL,
  `Opponent` VARCHAR(3) NULL,
  `Result` VARCHAR(32) NULL,
  `AtBats` INT NULL,
  `Runs` INT NULL,
  `Hits` INT NULL,
  `Homeruns` INT NULL,
  `RBI` INT NULL,
  INDEX `fk_BestPlayerBatting_TeamBatting1_idx` (`TeamAbrv` ASC),
  CONSTRAINT `fk_BestPlayerBatting_TeamBatting1`
    FOREIGN KEY (`TeamAbrv`)
    REFERENCES `BaseballDatabase`.`TeamBatting` (`TeamAbrv`)
    ON DELETE NO ACTION
    ON UPDATE NO ACTION)
ENGINE = InnoDB;


-- -----------------------------------------------------
-- Table `BaseballDatabase`.`Player`
-- -----------------------------------------------------
CREATE TABLE IF NOT EXISTS `BaseballDatabase`.`Player` (
  `PlayerID` INT NOT NULL AUTO_INCREMENT,
  `FirstName` VARCHAR(45) NULL,
  `LastName` VARCHAR(45) NULL,
  PRIMARY KEY (`PlayerID`))
ENGINE = InnoDB;


-- -----------------------------------------------------
-- Table `BaseballDatabase`.`Team`
-- -----------------------------------------------------
CREATE TABLE IF NOT EXISTS `BaseballDatabase`.`Team` (
  `TeamAbrv` VARCHAR(3) NOT NULL,
  `TeamName` VARCHAR(45) NULL,
  PRIMARY KEY (`TeamAbrv`))
ENGINE = InnoDB;


SET SQL_MODE=@OLD_SQL_MODE;
SET FOREIGN_KEY_CHECKS=@OLD_FOREIGN_KEY_CHECKS;
SET UNIQUE_CHECKS=@OLD_UNIQUE_CHECKS;




-- -----------------------------------------------------
-- Stored Procedures
-- -----------------------------------------------------

-- Getting team abbrivieations
DELIMITER $$
CREATE PROCEDURE GetTeamAbrv()
BEGIN
	SELECT TeamAbrv FROM baseballdatabase.team;
END $$
DELIMITER ;

-- Getting team batting by team abbreviations
DELIMITER $$
CREATE PROCEDURE GetTeamBatting(
	IN teamAbbreviation VARCHAR(3)
)
BEGIN
	SELECT * FROM baseballdatabase.playerbatting WHERE TeamAbrv=teamAbbreviation;
END $$
DELIMITER ;

-- Getting team pitching by team abbreviations
DELIMITER $$
CREATE PROCEDURE GetTeamPitching(
	IN teamAbbreviation VARCHAR(3)
)
BEGIN
	SELECT * FROM baseballdatabase.playerpitching WHERE TeamAbrv=teamAbbreviation;
END $$
DELIMITER ;

-- Getting Player batting by player name
DELIMITER $$
DELIMITER $$
CREATE PROCEDURE GetPlayerBatting(
	IN PlayerFirstName VARCHAR(45),
    IN PlayerLastName VARCHAR(45)
)
BEGIN
	SELECT * FROM baseballdatabase.playerbatting 
    WHERE (FirstName=PlayerFirstName)
	AND (LastName=PlayerLastName)
    OR (FirstName=PlayerLastName)
    AND (LastName=PlayerFirstName);
END $$
DELIMITER ;

-- Getting Player pitching by player name
DELIMITER $$
CREATE PROCEDURE GetPlayerPitching(
	IN PlayerFirstName VARCHAR(45),
    IN PlayerLastName VARCHAR(45)
)
BEGIN
	SELECT * FROM baseballdatabase.playerpitching
    WHERE (FirstName=PlayerFirstName)
	AND (LastName=PlayerLastName)
    OR (FirstName=PlayerLastName)
    AND (LastName=PlayerFirstName);
END $$
DELIMITER ;


-- -----------------------------------------------------
-- Insert into Player Table
-- -----------------------------------------------------

INSERT INTO Player(FirstName,LastName) VALUES
 ('Brandon','Lowe')
,('Francisco','Lindor')
,('Rafael','Ortega')
,('Seby','Zavala')
,('Brad','Miller')
,('Fernando','Tatis')
,('Kyle','Schwarber')
,('Ryan','Mountcastle')
,('Jesse','Winker')
,('Miguel','Sano')
,('Vladimir','Guerrero')
,('J.D.','Martinez')
,('Ryan','McMahon')
,('Rafael','Devers')
,('Seth','Brown')
,('George','Springer')
,('Trea','Turner')
,('Tyler','O''Neill')
,('Brandon','Nimmo')
,('Aaron','Judge')
,('Corey','Seager')
,('Niko','Goodrum')
,('Byron','Buxton')
,('Dylan','Carlson')
,('Pete','Alonso')
,('Bo','Bichette')
,('AJ','Pollock')
,('Luis','Robert')
,('Joey','Votto')
,('Mitch','Haniger')
,('Brandon','Belt')
,('Lars','Nootbaar')
,('Tim','Anderson')
,('Juan','Soto')
,('Tyrone','Taylor')
,('Paul','Goldschmidt')
,('Max','Kepler')
,('Manny','Machado')
,('Jazz','Chisholm')
,('Jean','Segura')
,('Manny','Pina')
,('Jarred','Kelenic')
,('Joey','Gallo')
,('Jesus','Sanchez')
,('Austin','Hays')
,('Lewin','Diaz')
,('Yordan','Alvarez')
,('Jose','Siri')
,('Kolten','Wong')
,('Lourdes','Gurriel')
,('Garrett','Hampson')
,('Avisail','Garcia')
,('Jeimer','Candelario')
,('Jorge','Polanco')
,('Tom','Murphy')
,('Eduardo','Escobar')
,('Andrew','Benintendi')
,('Stephen','Vogt')
,('Mike','Zunino')
,('Justin','Turner')
,('Nelson','Cruz')
,('Bobby','Dalbec')
,('Alejandro','Kirk')
,('Marcus','Semien')
,('Thairo','Estrada')
,('Matt','Duffy')
,('Jo','Adell')
,('DJ','Peters')
,('Gary','Sanchez')
,('Kyle','Seager')
,('Salvador','Perez')
,('Dustin','Garneau')
,('Anthony','Alford')
,('Nolan','Arenado')
,('Nick','Castellanos')
,('Gavin','Sheets')
,('Amed','Rosario')
,('Matt','Chapman')
,('Trevor','Story')
,('Joey','Wendle')
,('Josh','Bell')
,('Patrick','Wisdom')
,('Kevin','Pillar')
,('Yasmani','Grandal')
,('Hunter','Renfroe')
,('Rhys','Hoskins')
,('Tyler','Naquin')
,('Anthony','Santander')
,('Christian','Yelich')
,('Max','Muncy')
,('Wil','Myers')
,('Kris','Bryant')
,('Dansby','Swanson')
,('Jake','Meyers')
,('Ernie','Clement')
,('Colin','Moran')
,('Mitch','Moreland')
,('DJ','Stewart')
,('Luis','Urias')
,('Lewis','Brinson')
,('Cody','Bellinger')
,('Eloy','Jimenez')
,('C.J.','Cron')
,('Connor','Joe')
,('Brett','Phillips')
,('Mookie','Betts')
,('Luis','Garcia')
,('Yadiel','Hernández')
,('Jonah','Heim')
,('Aledmys','Díaz')
,('Pedro','Severino')
,('Jonathan','India')
,('Jose','Altuve')
,('Austin','Meadows')
,('Miguel','Cabrera')
,('Rodolfo','Castro')
,('Ryan','Jeffers')
,('Franmil','Reyes')
,('Austin','Riley')
,('Jorge','Soler')
,('Chris','Taylor')
,('LaMonte','Wade')
,('Rowdy','Tellez')
,('Teoscar','Hernandez')
,('Pat','Valaika')
,('Robinson','Chirinos')
,('Randy','Arozarena')
,('Mitch','Garver')
,('Enrique','Hernandez')
,('Michael','Conforto')
,('J.D.','Davis')
,('Mike','Yastrzemski')
,('Andrew','Vaughn')
,('Matt','Olson')
,('Albert','Pujols')
,('Jonathan','Villar')
,('Carlos','Santana')
,('Jared','Walsh')
,('Garrett','Cooper')
,('Javier','Baez')
,('Ben','Gamel')
,('Eric','Haase')
,('John','Hicks')
,('Shohei','Ohtani')
,('Nathaniel','Lowe')
,('Dominic','Smith')
,('Bobby','Bradley')
,('Ozzie','Albies')
,('Trent','Grisham')
,('Bryce','Harper')
,('Taylor','Trammell')
,('Luis','Torrens')
,('Adolis','García')
,('Wilmer','Flores')
,('Trey','Mancini')
,('Cedric','Mullins')
,('Harold','Ramirez')
,('Adam','Duvall')
,('Joc','Pederson')
,('Chas','McCormick')
,('Eli','White')
,('Josh','Rojas')
,('Josh','Donaldson')
,('Ryan','Zimmerman')
,('Giancarlo','Stanton')
,('Billy','McKinney')
,('Brandon','Crawford')
,('Jonathan','Schoop')
,('Carlos','Correa')
,('Randal','Grichuk')
,('Odubel','Herrera')
,('Andrew','McCutchen')
,('Cesar','Hernandez')
,('Gavin','Lux')
,('Freddy','Galvis')
,('Tommy','Edman')
,('Jose','Ramirez')
,('Freddie','Freeman')
,('Eugenio','Suarez')
,('José','Abreu')
,('Kyle','Tucker')
,('Willy','Adames')
,('Ian','Happ')
,('Will','Smith')
,('Ronald','Acuna')
,('Bryan','Reynolds')
,('Xander','Bogaerts')
,('Robbie','Grossman')
,('Jesus','Aguilar')
,('Anthony','Rizzo')
,('Willson','Contreras')
,('Jake','Cronenworth')
,('Paul','DeJong')
,('Elias','Diaz')
,('Ty','France')
,('Buster','Posey')
,('Mark','Canha')
,('Sean','Murphy')
,('J.T.','Realmuto')
,('Justin','Upton')
,('Harrison','Bader')
,('Hunter','Dozier')
,('Kyle','Farmer')
,('Darin','Ruf')
,('Yuli','Gurriel')
,('Rougned','Odor')
,('Tommy','Pham')
,('Brendan','Rodgers')
,('Yan','Gomes')
,('Sam','Hilliard')
,('Ramon','Laureano')
,('Jed','Lowrie')
,('Ketel','Marte')
,('Yoan','Moncada')
,('Eddie','Rosario')
,('Frank','Schwindel')
,('Gio','Urshela')
,('Akil','Baddoo')
,('Charlie','Blackmon')
,('Yandy','Díaz')
,('Alex','Dickerson')
,('Didi','Gregorius')
,('Carson','Kelly')
,('Evan','Longoria')
,('Max','Stassi')
,('Alex','Verdugo')
,('Alex','Bregman')
,('Eric','Hosmer')
,('Martin','Maldonado')
,('Starling','Marte')
,('Dylan','Moore')
,('Austin','Slater')
,('Michael','Taylor')
,('Ji-Man','Choi')
,('Maikel','Franco')
,('Danny','Jansen')
,('Jordan','Luplow')
,('Yadier','Molina')
,('Omar','Narvaez')
,('Gregory','Polanco')
,('Pavin','Smith')
,('Nick','Solak')
,('Abraham','Toro')
,('Daulton','Varsho')
,('Luke','Voit')
,('Aristides','Aquino')
,('Brett','Gardner')
,('Austin','Hedges')
,('Kyle','Higashioka')
,('DJ','LeMahieu')
,('Manuel','Margot')
,('Jack','Mayfield')
,('James','McCann')
,('Whit','Merrifield')
,('Dom','Nunez')
,('Tyler','Stephenson')
,('Christian','Walker')
,('Willi','Castro')
,('Yu','Chang')
,('J.P.','Crawford')
,('Jake','Fraley')
,('José','Iglesias')
,('Ryan','O''Hearn')
,('Miguel','Rojas')
,('Brent','Rooker')
,('Travis','Shaw')
,('Gleyber','Torres')
,('Daniel','Vogelbach')
,('David','Bote')
,('Michael','Brantley')
,('Lorenzo','Cain')
,('Jason','Castro')
,('William','Contreras')
,('Steven','Duggar')
,('Brian','Goodwin')
,('Josh','Harrison')
,('Jason','Heyward')
,('Tony','Kemp')
,('Ha-Seong','Kim')
,('Isiah','Kiner-Falefa')
,('Alex','Kirilloff')
,('David','Peralta')
,('Wilson','Ramos')
,('Jacob','Stallings')
,('Mike','Trout')
,('Yoshi','Tsutsugo')
,('Taylor','Ward')
,('Bradley','Zimmer')
,('Brian','Anderson')
,('Willians','Astudillo')
,('Tucker','Barnhart')
,('Matt','Beaty')
,('Cavan','Biggio')
,('Alec','Bohm')
,('Asdrubal','Cabrera')
,('Victor','Caratini')
,('Travis','d''Arnaud')
,('Adam','Engel')
,('Wander','Franco')
,('Joshua','Fuentes')
,('Phil','Gosselin')
,('Andy','Ibáñez')
,('Jake','Lamb')
,('Trevor','Larnach')
,('Tommy','LaStella')
,('Zach','McKinstry')
,('Jeff','McNeil')
,('Yermin','Mercedes')
,('Josh','Naylor')
,('Marcell','Ozuna')
,('Michael','Perez')
,('Roberto','Perez')
,('Donovan','Solano')
,('Lane','Thomas')
,('Ronald','Torreyes')
,('Ramon','Urias')
,('Robbie','Ray')
,('Zack','Wheeler')
,('Gerrit','Cole')
,('Max','Scherzer')
,('Corbin','Burnes')
,('Kevin','Gausman')
,('Dylan','Cease')
,('Aaron','Nola')
,('Charlie','Morton')
,('Walker','Buehler')
,('Brandon','Woodruff')
,('Tyler','Mahle')
,('Frankie','Montas')
,('Jose','Berrios')
,('Joe','Musgrove')
,('Sandy','Alcantara')
,('Lucas','Giolito')
,('Yu','Darvish')
,('Nathan','Eovaldi')
,('Freddy','Peralta')
,('Julio','Urias')
,('Sean','Manaea')
,('Luis','Castillo')
,('Lance','McCullers')
,('Carlos','Rodon')
,('Eduardo','Rodriguez')
,('Lance','Lynn')
,('German','Marquez')
,('Nick','Pivetta')
,('Adam','Wainwright')
,('Blake','Snell')
,('Tarik','Skubal')
,('Yusei','Kikuchi')
,('Jordan','Montgomery')
,('Chris','Bassitt')
,('Max','Fried')
,('Marcus','Stroman')
,('Logan','Webb')
,('Jon','Gray')
,('Trevor','Rogers')
,('Kyle','Gibson')
,('Sonny','Gray')
,('Anthony','DeSclafani')
,('Alex','Wood')
,('Andrew','Heaney')
,('Rich','Hill')
,('Mike','Minor')
,('Jacob','deGrom')
,('Jordan','Lyles')
,('Taijuan','Walker')
,('Clayton','Kershaw')
,('Steven','Matz')
,('Patrick','Corbin')
,('Hyun','RyuJin')
,('Shane','McClanahan')
,('Jameson','Taillon')
,('Zac','Gallen')
,('Trevor','Bauer')
,('Triston','McKenzie')
,('Tyler','Anderson')
,('Shane','Bieber')
,('John','Means')
,('Kyle','Hendricks')
,('Brady','Singer')
,('Cristian','Javier')
,('Merrill','Kelly')
,('JT','Brubaker')
,('Adbert','Alzolay')
,('Erick','Fedde')
,('Logan','Gilbert')
,('Alek','Manoah')
,('Chris','Flexen')
,('Cole','Irvin')
,('Wade','Miley')
,('Framber','Valdez')
,('Ian','Anderson')
,('Madison','Bumgarner')
,('Caleb','Smith')
,('Tyler','Glasnow')
,('James','Kaprielian')
,('J.A.','Happ')
,('Cal','Quantrill')
,('Michael','Wacha')
,('Zack','Greinke')
,('Brad','Keller')
,('Casey','Mize')
,('Eric','Lauer')
,('Drew','Smyly')
,('Ryan','Yarbrough')
,('Pablo','Lopez')
,('Garrett','Richards')
,('Kris','Bubic')
,('Zach','Davies')
,('Dane','Dunning')
,('Austin','Gomber')
,('Liam','Hendriks')
,('Kenta','Maeda')
,('Jorge','Lopez')
,('Wil','Crowe')
,('Joe','Ross')
,('Marco','Gonzales')
,('Ranger','Suarez')
,('Kyle','Freeland')
,('Adrian','Houser')
,('Antonio','Senzatela')
,('Kolby','Allard')
,('Paul','Sewald')
,('Nestor','Cortes')
,('Raisel','Iglesias')
,('Michael','Kopech')
,('Josh','Hader')
,('Vince','Velasquez')
,('Craig','Kimbrel')
,('Zach','Plesac')
,('Huascar','Ynoa')
,('Aaron','Civale')
,('Zach','Eflin')
,('Chad','Green')
,('Tylor','Megill')
,('Chris','Paddack')
,('Alex','Cobb')
,('Johnny','Cueto')
,('Domingo','German')
,('Jesus','Luzardo')
,('Hector','Neris')
,('Aroldis','Chapman')
,('Mike','Foltynewicz')
,('Martin','Perez')
,('Bailey','Ober')
,('Giovanny','Gallegos')
,('Matt','Harvey')
,('Dallas','Keuchel')
,('Alex','Reyes')
,('Patrick','Sandoval')
,('Ross','Stripling')
,('Paolo','Espino')
,('John','Gant')
,('Taylor','Hearn')
,('Mitch','Keller')
,('Scott','Barlow')
,('Jon','Lester')
,('Jake','Odorizzi')
,('Mike','Mayers')
,('Jose','Urquidy')
,('Trevor','Williams')
,('Edwin','Diaz')
,('Vladimir','Gutiérrez')
,('Michael','Pineda')
,('Tyler','Alexander')
,('Tanner','Houck')
,('Alec','Mills')
,('Devin','Williams')
,('Kenley','Jansen')
,('Chris','Stratton')
,('Jack','Flaherty')
,('Phil','Maton')
,('Jose','Quintana')
,('Jordan','Romano')
,('Jose','Suarez')
,('Blake','Treinen')
,('Matt','Barnes')
,('Dylan','Bundy')
,('Jake','Arrieta')
,('Brad','Boxberger')
,('Jake','Diekman')
,('Heath','Hembree')
,('Trevor','May')
,('Craig','Stammen')
,('Ryne','Stanek')
,('Keegan','Akin')
,('Corey','Kluber')
,('Eli','Morgan')
,('Ryan','Pressly')
,('Garrett','Whitlock')
,('Daniel','Bard')
,('Kwang','KimHyun')
,('Jeff','Hoffman')
,('Clay','Holmes')
,('James','Karinchak')
,('Lucas','Luetge')
,('Trevor','Richards')
,('David','Bednar')
,('Genesis','Cabrera')
,('Miguel','Castro')
,('Pierce','Johnson')
,('Andrew','Kittredge')
,('Tyler','Matzek')
,('Caleb','Thielbar')
,('Austin','Adams')
,('Jake','Brentz')
,('Josiah','Gray')
,('Hansel','Robles')
,('Lucas','Sims')
,('Gregory','Soto')
,('Rex','Brothers')
,('Aaron','Bummer')
,('Diego','Castillo')
,('Daniel','Hudson')
,('Chad','Kuhl')
,('Trevor','Stephan')
,('Emmanuel','Clase')
,('Carlos','Hernandez')
,('Collin','McHugh')
,('Luis','Patino')
,('Ryan','Tepera')
,('Michael','Fulmer')
,('Drew','Rasmussen')
,('Cole','Sulser')
,('Taylor','Widener')
,('Jeurys','Familia')
,('Josh','Staumont')
,('Ryan','Weathers')
,('Anthony','Bender')
,('Nabil','Crismatt')
,('Adam','Ottavino')
,('Bryan','Shaw')
,('Luke','Jackson')
,('Tanner','Scott')
,('Jonathan','Loaisiga')
,('Emilio','Pagan')
,('David','Peterson')
,('Josh','Sborz')
,('Brent','Suter')
,('Jose','Alvarado')
,('Kyle','Finnegan')
,('Jarlin','Garcia')
,('Sam','Hentges')
,('Tyler','Kinley')
,('Matthew','Boyd')
,('Lou','Trivino')
,('Jose','Urena')
,('Zach','Thompson')
,('Garrett','Crochet')
,('Danny','Duffy')
,('Josh','Fleming')
,('Tony','Gonsolin')
,('Griffin','Jax')
,('Brooks','Raley')
,('Duane','Underwood')
,('Tyler','Wells')
,('Andrew','Chafin')
,('Steve','Cishek')
,('Kyle','Funkhouser')
,('Zack','Littell')
,('Matt','Moore')
,('Jose','Ruiz')
,('Justus','Sheffield')
,('Jeffrey','Springs')
,('Griffin','Canning')
,('Jose','Cisnero')
,('Ross','Detwiler')
,('Dylan','Floro')
,('Deolis','Guerra')
,('Ian','Kennedy')
,('Michael','King')
,('Luke','Weaver')
,('Matt','Wisler')
,('Jorge','Alcala')
,('Tyler','Duffey')
,('Amir','Garrett')
,('Kendall','Graveman')
,('Junior','Guerra')
,('Brad','Hand')
,('Hirokazu','Sawamura')
,('Nick','Wittgren')
,('Carlos','Estevez')
,('Paul','Fry')
,('Yimi','Garcia')
,('Sam','Howard')
,('Sergio','Romo')
,('Josh','Taylor')
,('Phil','Bickford')
,('Mark','Melancon')
,('Taylor','Rogers')
,('Justin','Steele')
,('Austin','Voth')
,('Brett','Anderson')
,('Anthony','Bass')
,('Alex','Colome')
,('Jake','McGee')
,('Daniel','Norris')
,('Wily','Peralta')
,('David','Price')
,('Drew','Steckenrider')
,('Hunter','Strickland')
,('Joe','Jimenez')
,('Dinelson','Lamet')
,('Aaron','Loup')
,('Matt','Manning')
,('Carlos','Martinez')
,('Tim','Mayza')
,('A.J.','Minter')
,('Pete','Fairbanks')
,('ChiChi','Gonzalez')
,('Codi','Heuer')
,('Tim','Hill')
,('Tony','Santillan');


-- -----------------------------------------------------
-- Insert into Team Table
-- -----------------------------------------------------

INSERT INTO Team(TeamAbrv,TeamName) VALUES
 ('ARI','Arizona Diamondbacks')
,('ATL','Atlanta Braves')
,('BAL','Baltimore Orioles')
,('BOS','Boston Red Sox')
,('CHC','Chicago White Sox')
,('CHW','Chicago Cubs')
,('CIN','Cincinnati Reds')
,('CLE','Cleveland Indians')
,('COL','Colorado Rockies')
,('DET','Detroit Tigers')
,('HOU','Houston Astros')
,('KCR','Kansas City Royals')
,('LAA','Los Angeles Angels')
,('LAD','Los Angeles Dodgers')
,('MIA','Miami Marlins')
,('MIL','Milwaukee Brewers')
,('MIN','Minnesota Twins')
,('NYY','New York Yankees')
,('NYM','New York Mets')
,('OAK','Oakland Athletics')
,('PHI','Philadelphia Phillies')
,('PIT','Pittsburgh Pirates')
,('SDP','San Diego Padres')
,('SFG','San Francisco Giants')
,('SEA','Seattle Mariners')
,('STL','St. Louis Cardinals')
,('TBR','Tampa Bay Rays')
,('TEX','Texas Rangers')
,('TOR','Toronto Blue Jays')
,('TOT','Multiple Teams')
,('WSN','Washington Nationals');

-- -----------------------------------------------------
-- Insert into Team Pitching Table
-- -----------------------------------------------------

INSERT INTO `baseballdatabase`.`teampitching`
(`TeamAbrv`,
`Rank`,
`Year`,
`League`,
`Wins`,
`Losses`,
`WinLoss%`,
`ERA`,
`CompleteGames`,
`Shutouts`,
`Saves`,
`InningsPitched`,
`Hits`,
`Runs`,
`EarnedRunsAllowed`,
`HomeRuns`,
`Walks`,
`Strikeouts`)
VALUES
 ('MIL',1,2021,'NL',95,67,0.586,3.5,2,1,44,1436,1156,623,558,168,537,1618)
,('LAD',2,2021,'NL',106,56,0.654,3.03,1,0,56,1452,1107,561,489,161,486,1599)
,('CHW',3,2021,'AL',93,69,0.574,3.73,4,3,43,1403.1,1205,636,581,182,485,1588)
,('NYY',4,2021,'AL',92,70,0.568,3.76,3,2,47,1435,1243,669,600,196,492,1569)
,('BOS',5,2021,'AL',92,70,0.568,4.27,0,0,49,1419,1409,749,674,176,546,1527)
,('CIN',6,2021,'NL',83,79,0.512,4.41,1,1,41,1434.1,1330,760,703,206,617,1524)
,('SDP',7,2021,'NL',79,83,0.488,4.1,2,2,43,1430,1277,708,651,205,516,1517)
,('PHI',8,2021,'NL',82,80,0.506,4.39,5,4,36,1418.2,1321,745,692,200,509,1480)
,('TBR',9,2021,'AL',100,62,0.617,3.67,1,0,42,1455.2,1264,651,594,184,436,1478)
,('TOR',10,2021,'AL',91,71,0.562,3.91,1,1,34,1405.1,1257,663,610,209,473,1468)
,('HOU',11,2021,'AL',95,67,0.586,3.8,2,0,34,1445,1231,658,610,187,549,1456)
,('NYM',12,2021,'NL',77,85,0.475,3.9,2,1,41,1379.1,1221,668,597,190,475,1453)
,('LAA',13,2021,'AL',77,85,0.475,4.69,1,0,39,1421.2,1373,804,741,188,592,1453)
,('SFG',14,2021,'NL',107,55,0.66,3.25,2,2,56,1455,1254,594,525,151,416,1425)
,('ATL',15,2021,'NL',88,73,0.547,3.89,2,2,40,1410.2,1237,656,610,183,516,1417)
,('CLE',16,2021,'AL',80,82,0.494,4.34,0,0,39,1408,1281,727,679,216,522,1391)
,('MIA',17,2021,'NL',67,95,0.414,3.96,1,0,33,1415,1282,701,622,162,529,1381)
,('CHC',18,2021,'NL',71,91,0.438,4.88,1,0,40,1412.2,1386,839,766,235,596,1358)
,('WSN',19,2021,'NL',65,97,0.401,4.82,1,0,36,1394.2,1364,820,747,247,548,1346)
,('KCR',20,2021,'AL',74,88,0.457,4.64,1,0,37,1417.1,1375,788,731,189,591,1344)
,('OAK',21,2021,'AL',86,76,0.531,4.02,3,3,39,1432.2,1362,687,640,191,439,1332)
,('SEA',22,2021,'AL',90,72,0.556,4.3,1,0,51,1440.1,1356,748,688,197,485,1328)
,('MIN',23,2021,'AL',73,89,0.451,4.83,1,0,42,1419.1,1392,834,762,239,484,1317)
,('PIT',24,2021,'NL',61,101,0.377,5.08,0,0,25,1396.1,1400,833,788,213,606,1312)
,('COL',25,2021,'NL',74,87,0.46,4.83,3,1,33,1397,1397,796,749,196,539,1269)
,('DET',26,2021,'AL',77,85,0.475,4.32,2,1,42,1419.2,1370,756,681,199,571,1259)
,('TEX',27,2021,'AL',60,102,0.37,4.8,0,0,31,1424.1,1402,815,760,232,513,1239)
,('ARI',28,2021,'NL',52,110,0.321,5.15,3,3,22,1417,1480,893,811,232,555,1238)
,('BAL',29,2021,'AL',52,110,0.321,5.85,1,1,26,1402,1518,956,911,258,563,1234)
,('STL',30,2021,'NL',90,72,0.556,4,3,1,50,1416.2,1234,672,629,152,608,1225);

-- -----------------------------------------------------
-- Insert into Team Batting Table
-- -----------------------------------------------------

INSERT INTO `baseballdatabase`.`teambatting`
(`TeamAbrv`,
`Year`,
`League`,
`Wins`,
`Losses`,
`Winning%`,
`RunsPerGame`,
`PlateApperances`,
`AtBats`,
`Runs`,
`Hits`,
`Homeruns`,
`RBI`,
`Walks`,
`StrikeOuts`,
`BattingAverage`,
`OnBase%`)
VALUES
 ('TOR',2021,'AL',91,71,0.562,5.22,6070,5476,846,1455,262,816,496,1218,0.266,0.331)
,('SFG',2021,'NL',107,55,0.66,4.96,6196,5462,804,1360,241,768,602,1461,0.249,0.329)
,('ATL',2021,'NL',88,73,0.547,4.91,6056,5363,790,1307,239,762,549,1453,0.244,0.319)
,('LAD',2021,'NL',106,56,0.654,5.12,6239,5445,830,1330,237,799,613,1408,0.244,0.33)
,('MIN',2021,'AL',73,89,0.451,4.5,6078,5431,729,1311,228,690,525,1405,0.241,0.314)
,('NYY',2021,'AL',92,70,0.568,4.39,6060,5331,711,1266,222,666,621,1482,0.238,0.322)
,('TBR',2021,'AL',100,62,0.617,5.29,6213,5507,857,1336,222,810,585,1542,0.243,0.321)
,('CIN',2021,'NL',83,79,0.512,4.85,6162,5423,786,1352,222,756,553,1425,0.249,0.328)
,('HOU',2021,'AL',95,67,0.586,5.33,6291,5593,863,1496,221,834,569,1222,0.268,0.339)
,('BOS',2021,'AL',92,70,0.568,5.12,6122,5495,829,1434,219,783,512,1386,0.261,0.329)
,('CHC',2021,'NL',71,91,0.438,4.35,5972,5306,705,1255,210,672,502,1596,0.237,0.312)
,('CLE',2021,'AL',80,82,0.494,4.43,5907,5332,717,1269,203,686,453,1387,0.238,0.304)
,('SEA',2021,'AL',90,72,0.556,4.3,6010,5355,697,1209,199,673,535,1492,0.226,0.303)
,('OAK',2021,'AL',86,76,0.531,4.59,6104,5395,743,1284,199,698,545,1349,0.238,0.317)
,('STL',2021,'NL',90,72,0.556,4.36,6001,5351,706,1303,198,678,478,1341,0.244,0.313)
,('PHI',2021,'NL',82,80,0.506,4.53,6089,5366,734,1288,198,700,564,1402,0.24,0.318)
,('BAL',2021,'AL',52,110,0.321,4.07,5983,5420,659,1296,195,632,451,1454,0.239,0.304)
,('MIL',2021,'NL',95,67,0.586,4.56,6099,5362,738,1251,194,700,586,1465,0.233,0.317)
,('LAA',2021,'AL',77,85,0.475,4.46,6016,5437,723,1331,190,691,464,1394,0.245,0.31)
,('CHW',2021,'AL',93,69,0.574,4.91,6084,5357,796,1373,190,757,586,1389,0.256,0.336)
,('COL',2021,'NL',74,87,0.46,4.59,6007,5374,739,1338,182,709,491,1356,0.249,0.317)
,('WSN',2021,'NL',65,97,0.401,4.47,6113,5385,724,1388,182,686,573,1303,0.258,0.337)
,('SDP',2021,'NL',79,83,0.488,4.5,6119,5384,729,1305,180,695,586,1324,0.242,0.321)
,('DET',2021,'AL',77,85,0.475,4.3,5979,5376,697,1299,179,675,490,1514,0.242,0.308)
,('NYM',2021,'NL',77,85,0.475,3.93,5856,5210,636,1243,176,604,495,1392,0.239,0.315)
,('TEX',2021,'AL',60,102,0.37,3.86,5943,5405,625,1254,167,598,433,1381,0.232,0.294)
,('KCR',2021,'AL',74,88,0.457,4.23,5993,5427,686,1349,163,647,421,1258,0.249,0.307)
,('MIA',2021,'NL',67,95,0.414,3.85,5929,5348,623,1244,158,594,450,1553,0.233,0.299)
,('ARI',2021,'NL',52,110,0.321,4.19,6144,5489,679,1297,144,644,537,1465,0.236,0.309)
,('PIT',2021,'NL',61,101,0.377,3.76,5983,5336,609,1261,124,570,529,1328,0.236,0.309);


-- -----------------------------------------------------
-- Insert into Player Pitching
-- -----------------------------------------------------

INSERT INTO `baseballdatabase`.`playerpitching`
(`Rank`,
`FirstName`,
`LastName`,
`StrikeOuts`,
`Year`,
`Age`,
`TeamAbrv`,
`League`,
`GamesPitched`,
`GamesStarted`,
`CompleteGames`,
`Shutouts`,
`Wins`,
`Losses`,
`WinLoss%`,
`Saves`,
`InningsPitched`,
`HitsAllowed`,
`RunsAllowed`,
`EarnedRunsAllowed`,
`Walks`,
`ERA`,
`Pitches`,
`Strikes`)
VALUES
(1,'Robbie','Ray',248,2021,29,'TOR','AL',32,32,0,0,13,7,0.65,0,193.1,150,62,61,52,2.84,3141,2074)
,(2,'Zack','Wheeler',247,2021,31,'PHI','NL',32,32,2,2,14,10,0.583,0,213.1,169,72,66,46,2.78,3203,2164)
,(3,'Gerrit','Cole',243,2021,30,'NYY','AL',30,30,1,1,16,8,0.667,0,181.1,151,69,65,41,3.23,2969,1975)
,(4,'Max','Scherzer',236,2021,36,'TOT','NL',30,30,0,0,15,4,0.789,0,179.1,119,53,49,36,2.46,2811,1865)
,(5,'Corbin','Burnes',234,2021,26,'MIL','NL',28,28,0,0,11,5,0.688,0,167,123,47,45,34,2.43,2594,1722)
,(6,'Kevin','Gausman',227,2021,30,'SFG','NL',33,33,0,0,14,6,0.7,0,192,150,66,60,50,2.81,3002,2045)
,(7,'Dylan','Cease',226,2021,25,'CHW','AL',32,32,1,1,13,7,0.65,0,165.2,139,77,72,68,3.91,2957,1841)
,(8,'Aaron','Nola',223,2021,28,'PHI','NL',32,32,1,1,9,9,0.5,0,180.2,165,95,93,39,4.63,2971,2007)
,(9,'Charlie','Morton',216,2021,37,'ATL','NL',33,33,0,0,14,6,0.7,0,185.2,136,77,69,58,3.34,2987,1931)
,(10,'Walker','Buehler',212,2021,26,'LAD','NL',33,33,0,0,16,4,0.8,0,207.2,149,61,57,52,2.47,3152,2120)
,(11,'Brandon','Woodruff',211,2021,28,'MIL','NL',30,30,0,0,9,10,0.474,0,179.1,130,54,51,43,2.56,2810,1918)
,(12,'Tyler','Mahle',210,2021,26,'CIN','NL',33,33,0,0,13,6,0.684,0,180,158,78,75,64,3.75,3196,2015)
,(13,'Frankie','Montas',207,2021,28,'OAK','AL',32,32,0,0,13,9,0.591,0,187,164,79,70,57,3.37,3028,1999)
,(14,'Jose','Berrios',204,2021,27,'TOT','AL',32,32,0,0,12,9,0.571,0,192,159,83,75,45,3.52,3043,2012)
,(15,'Joe','Musgrove',203,2021,28,'SDP','NL',32,31,2,2,11,9,0.55,0,181.1,142,68,64,54,3.18,2938,1929)
,(16,'Sandy','Alcantara',201,2021,25,'MIA','NL',33,33,0,0,9,15,0.375,0,205.2,171,85,73,50,3.19,3095,2101)
,(17,'Lucas','Giolito',201,2021,26,'CHW','AL',31,31,0,0,11,9,0.55,0,178.2,145,74,70,52,3.53,2971,1931)
,(18,'Yu','Darvish',199,2021,34,'SDP','NL',30,30,0,0,8,11,0.421,0,166.1,138,81,78,44,4.22,2768,1821)
,(19,'Nathan','Eovaldi',195,2021,31,'BOS','AL',32,32,0,0,11,9,0.55,0,182.1,182,81,76,35,3.75,2927,2019)
,(20,'Freddy','Peralta',195,2021,25,'MIL','NL',28,27,0,0,10,5,0.667,0,144.1,84,47,45,56,2.81,2356,1470)
,(21,'Julio','Urias',195,2021,24,'LAD','NL',32,32,0,0,20,3,0.87,0,185.2,151,67,61,38,2.96,2786,1946)
,(22,'Sean','Manaea',194,2021,29,'OAK','AL',32,32,2,2,11,10,0.524,0,179.1,179,79,78,41,3.91,2980,2018)
,(23,'Luis','Castillo',192,2021,28,'CIN','NL',33,33,0,0,8,16,0.333,0,187.2,181,94,83,75,3.98,3164,2018)
,(24,'Lance','McCullers',185,2021,27,'HOU','AL',28,28,0,0,13,5,0.722,0,162.1,122,59,57,76,3.16,2788,1711)
,(25,'Carlos','Rodon',185,2021,28,'CHW','AL',24,24,1,1,13,5,0.722,0,132.2,91,39,35,36,2.37,2219,1462)
,(26,'Eduardo','Rodriguez',185,2021,28,'BOS','AL',32,31,0,0,13,8,0.619,0,157.2,172,87,83,47,4.74,2721,1773)
,(27,'Lance','Lynn',176,2021,34,'CHW','AL',28,28,1,1,11,6,0.647,0,157,123,52,47,45,2.69,2608,1667)
,(28,'German','Marquez',176,2021,26,'COL','NL',32,32,1,1,12,11,0.522,0,180,165,92,88,64,4.4,2788,1776)
,(29,'Nick','Pivetta',175,2021,28,'BOS','AL',31,30,0,0,9,8,0.529,1,155,137,80,78,65,4.53,2745,1772)
,(30,'Adam','Wainwright',174,2021,39,'STL','NL',32,32,1,1,17,7,0.708,0,206.1,168,72,70,50,3.05,3068,2009)
,(31,'Blake','Snell',170,2021,28,'SDP','NL',27,27,0,0,7,6,0.538,0,128.2,101,61,60,69,4.2,2344,1424)
,(32,'Luis','Garcia',167,2021,24,'HOU','AL',30,28,0,0,11,8,0.579,0,155.1,133,62,60,50,3.48,2502,1587)
,(33,'Tarik','Skubal',164,2021,24,'DET','AL',31,29,0,0,8,12,0.4,0,149.1,141,76,72,47,4.34,2547,1651)
,(34,'Yusei','Kikuchi',163,2021,30,'SEA','AL',29,29,0,0,7,9,0.438,0,157,145,82,77,62,4.41,2562,1663)
,(35,'Jordan','Montgomery',162,2021,28,'NYY','AL',30,30,0,0,6,7,0.462,0,157.1,150,73,67,51,3.83,2569,1674)
,(36,'Chris','Bassitt',159,2021,32,'OAK','AL',27,27,1,1,12,4,0.75,0,157.1,127,55,55,39,3.15,2381,1563)
,(37,'Max','Fried',158,2021,27,'ATL','NL',28,28,2,2,14,7,0.667,0,165.2,139,61,56,41,3.04,2558,1683)
,(38,'Marcus','Stroman',158,2021,30,'NYM','NL',33,33,0,0,10,13,0.435,0,179,161,70,60,44,3.02,2741,1791)
,(39,'Logan','Webb',158,2021,24,'SFG','NL',27,26,0,0,11,3,0.786,0,148.1,128,53,50,36,3.03,2214,1441)
,(40,'Jon','Gray',157,2021,29,'COL','NL',29,29,0,0,8,12,0.4,0,149,140,83,76,58,4.59,2536,1600)
,(41,'Trevor','Rogers',157,2021,23,'MIA','NL',25,25,0,0,7,8,0.467,0,133,107,46,39,46,2.64,2169,1427)
,(42,'Shohei','Ohtani',156,2021,26,'LAA','AL',23,23,0,0,9,2,0.818,0,130.1,98,48,46,44,3.18,2027,1296)
,(43,'Kyle','Gibson',155,2021,33,'TOT','ML',31,30,0,0,10,9,0.526,0,182,158,78,75,64,3.71,2881,1772)
,(44,'Sonny','Gray',155,2021,31,'CIN','NL',26,26,0,0,7,9,0.438,0,135.1,115,67,63,50,4.19,2228,1393)
,(45,'Anthony','DeSclafani',152,2021,31,'SFG','NL',31,31,2,2,13,7,0.65,0,167.2,141,61,59,42,3.17,2558,1674)
,(46,'Alex','Wood',152,2021,30,'SFG','NL',26,26,0,0,10,4,0.714,0,138.2,125,63,59,39,3.83,2195,1477)
,(47,'Andrew','Heaney',150,2021,30,'TOT','AL',30,23,0,0,8,9,0.471,0,129.2,130,85,84,41,5.83,2330,1505)
,(48,'Rich','Hill',150,2021,41,'TOT','ML',32,31,0,0,7,8,0.467,0,158.2,137,70,68,55,3.86,2496,1663)
,(49,'Mike','Minor',149,2021,33,'KCR','AL',28,28,0,0,8,12,0.4,0,158.2,156,92,89,41,5.05,2621,1698)
,(50,'Jacob','deGrom',146,2021,33,'NYM','NL',15,15,1,1,7,2,0.778,0,92,40,14,11,11,1.08,1226,856)
,(51,'Jordan','Lyles',146,2021,30,'TEX','AL',32,30,0,0,10,13,0.435,0,180,194,104,103,56,5.15,2964,1897)
,(52,'Taijuan','Walker',146,2021,28,'NYM','NL',30,29,0,0,7,11,0.389,0,159,133,84,79,55,4.47,2549,1650)
,(53,'Clayton','Kershaw',144,2021,33,'LAD','NL',22,22,0,0,10,8,0.556,0,121.2,103,51,48,21,3.55,1806,1207)
,(54,'Steven','Matz',144,2021,30,'TOR','AL',29,29,0,0,14,7,0.667,0,150.2,158,70,64,43,3.82,2557,1668)
,(55,'Patrick','Corbin',143,2021,31,'WSN','NL',31,31,0,0,9,16,0.36,0,171.2,192,114,111,60,5.82,2750,1739)
,(56,'Hyun','RyuJin',143,2021,34,'TOR','AL',31,31,1,1,14,10,0.583,0,169,170,85,82,37,4.37,2689,1783)
,(57,'Shane','McClanahan',141,2021,24,'TBR','AL',25,25,0,0,10,6,0.625,0,123.1,120,49,47,37,3.43,1954,1305)
,(58,'Jameson','Taillon',140,2021,29,'NYY','AL',29,29,0,0,8,6,0.571,0,144.1,130,73,69,44,4.3,2372,1556)
,(59,'Zac','Gallen',139,2021,25,'ARI','NL',23,23,1,1,4,10,0.286,0,121.1,108,61,58,49,4.3,2096,1303)
,(60,'Trevor','Bauer',137,2021,30,'LAD','NL',17,17,0,0,8,5,0.615,0,107.2,71,36,31,37,2.59,1787,1133)
,(61,'Triston','McKenzie',136,2021,23,'CLE','AL',25,24,0,0,5,9,0.357,0,120,84,66,66,58,4.95,1975,1246)
,(62,'Tyler','Anderson',134,2021,31,'TOT','ML',31,31,0,0,7,11,0.389,0,167,170,87,84,38,4.53,2602,1804)
,(63,'Shane','Bieber',134,2021,26,'CLE','AL',16,16,0,0,7,4,0.636,0,96.2,84,36,34,33,3.17,1559,1017)
,(64,'John','Means',134,2021,28,'BAL','AL',26,26,1,1,6,9,0.4,0,146.2,125,64,59,26,3.62,2328,1522)
,(65,'Kyle','Hendricks',131,2021,31,'CHC','NL',32,32,0,0,14,7,0.667,0,181,200,101,96,44,4.77,2809,1889)
,(66,'Brady','Singer',131,2021,24,'KCR','AL',27,27,0,0,5,10,0.333,0,128.1,146,81,70,53,4.91,2283,1454)
,(67,'Cristian','Javier',130,2021,24,'HOU','AL',36,9,0,0,4,1,0.8,2,101.1,67,41,40,53,3.55,1792,1069)
,(68,'Merrill','Kelly',130,2021,32,'ARI','NL',27,27,0,0,7,11,0.389,0,158,163,82,78,41,4.44,2425,1611)
,(69,'JT','Brubaker',129,2021,27,'PIT','NL',24,24,0,0,5,13,0.278,0,124.1,123,75,74,38,5.36,1945,1247)
,(70,'Adbert','Alzolay',128,2021,26,'CHC','NL',29,21,0,0,5,13,0.278,1,125.2,112,66,64,34,4.58,1952,1289)
,(71,'Erick','Fedde',128,2021,28,'WSN','NL',29,27,0,0,7,9,0.438,0,133.1,144,90,81,48,5.47,2410,1469)
,(72,'Logan','Gilbert',128,2021,24,'SEA','AL',24,24,0,0,6,5,0.545,0,119.1,112,63,62,28,4.68,2125,1366)
,(73,'Alek','Manoah',127,2021,23,'TOR','AL',20,20,0,0,9,2,0.818,0,111.2,77,44,40,40,3.22,1845,1175)
,(74,'Chris','Flexen',125,2021,26,'SEA','AL',31,31,0,0,14,6,0.7,0,179.2,185,74,72,40,3.61,2811,1825)
,(75,'Cole','Irvin',125,2021,27,'OAK','AL',32,32,0,0,10,15,0.4,0,178.1,195,94,84,42,4.24,2682,1821)
,(76,'Wade','Miley',125,2021,34,'CIN','NL',28,28,1,1,12,7,0.632,0,163,166,64,61,50,3.37,2592,1628)
,(77,'Framber','Valdez',125,2021,27,'HOU','AL',22,22,0,0,11,6,0.647,0,134.2,110,52,47,58,3.14,2090,1274)
,(78,'Ian','Anderson',124,2021,23,'ATL','NL',24,24,0,0,9,5,0.643,0,128.1,105,51,51,53,3.58,2174,1334)
,(79,'Madison','Bumgarner',124,2021,31,'ARI','NL',26,26,1,1,7,10,0.412,0,146.1,134,82,76,39,4.67,2294,1548)
,(80,'Caleb','Smith',124,2021,29,'ARI','NL',45,13,0,0,4,9,0.308,0,113.2,93,64,61,63,4.83,2067,1295)
,(81,'Tyler','Glasnow',123,2021,27,'TBR','AL',14,14,0,0,5,2,0.714,0,88,55,26,26,27,2.66,1339,878)
,(82,'James','Kaprielian',123,2021,27,'OAK','AL',24,21,0,0,8,5,0.615,0,119.1,105,55,54,41,4.07,2024,1279)
,(83,'J.A.','Happ',122,2021,38,'TOT','ML',30,30,0,0,10,8,0.556,0,152.1,177,100,98,48,5.79,2674,1677)
,(84,'Cal','Quantrill',121,2021,26,'CLE','AL',40,22,0,0,8,3,0.727,0,149.2,129,55,48,47,2.89,2357,1477)
,(85,'Michael','Wacha',121,2021,29,'TBR','AL',29,23,0,0,3,5,0.375,0,124.2,132,73,70,31,5.05,1974,1333)
,(86,'Zack','Greinke',120,2021,37,'HOU','AL',30,29,0,0,11,6,0.647,0,171,164,82,79,36,4.16,2577,1638)
,(87,'Brad','Keller',120,2021,25,'KCR','AL',26,26,0,0,8,12,0.4,0,133.2,158,89,80,64,5.39,2348,1435)
,(88,'Casey','Mize',118,2021,24,'DET','AL',30,30,0,0,7,9,0.438,0,150.1,130,64,62,41,3.71,2357,1491)
,(89,'Eric','Lauer',117,2021,26,'MIL','NL',24,20,0,0,7,5,0.583,0,118.2,94,46,42,41,3.19,1956,1256)
,(90,'Drew','Smyly',117,2021,32,'ATL','NL',29,23,0,0,11,4,0.733,0,126.2,133,69,63,41,4.48,2139,1415)
,(91,'Ryan','Yarbrough',117,2021,29,'TBR','AL',30,21,0,0,9,7,0.563,0,155,163,96,88,27,5.11,2488,1659)
,(92,'Pablo','Lopez',115,2021,25,'MIA','NL',20,20,0,0,5,5,0.5,0,102.2,89,37,35,26,3.07,1669,1116)
,(93,'Garrett','Richards',115,2021,33,'BOS','AL',40,22,0,0,7,8,0.467,3,136.2,158,86,74,60,4.87,2331,1502)
,(94,'Kris','Bubic',114,2021,23,'KCR','AL',29,20,0,0,6,7,0.462,0,130,121,67,64,59,4.43,2202,1368)
,(95,'Zach','Davies',114,2021,28,'CHC','NL',32,32,0,0,6,12,0.333,0,148,162,99,95,75,5.78,2577,1550)
,(96,'Dane','Dunning',114,2021,26,'TEX','AL',27,25,0,0,5,10,0.333,0,117.2,126,61,59,43,4.51,1909,1238)
,(97,'Austin','Gomber',113,2021,27,'COL','NL',23,23,0,0,9,9,0.5,0,115.1,102,64,58,41,4.53,1851,1211)
,(98,'Liam','Hendriks',113,2021,32,'CHW','AL',69,0,0,0,8,3,0.727,38,71,45,23,20,7,2.54,1131,763)
,(99,'Kenta','Maeda',113,2021,33,'MIN','AL',21,21,0,0,6,5,0.545,0,106.1,106,60,55,32,4.66,1774,1141)
,(100,'Jorge','Lopez',112,2021,28,'BAL','AL',33,25,0,0,3,14,0.176,0,121.2,142,83,82,56,6.07,2166,1338)
,(101,'Wil','Crowe',111,2021,26,'PIT','NL',26,25,0,0,4,8,0.333,0,116.2,126,75,71,57,5.48,2171,1296)
,(102,'Joe','Ross',109,2021,28,'WSN','NL',20,19,0,0,5,9,0.357,0,108,98,57,50,34,4.17,1700,1112)
,(103,'Marco','Gonzales',108,2021,29,'SEA','AL',25,25,0,0,10,6,0.625,0,143.1,125,64,63,42,3.96,2324,1502)
,(104,'Ranger','Suarez',107,2021,25,'PHI','NL',39,12,1,1,8,5,0.615,4,106,73,20,16,33,1.36,1614,1019)
,(105,'Kyle','Freeland',105,2021,28,'COL','NL',23,23,0,0,7,8,0.467,0,120.2,133,59,58,38,4.33,1886,1211)
,(106,'Adrian','Houser',105,2021,28,'MIL','NL',28,26,1,1,10,6,0.625,0,142.1,118,61,51,64,3.22,2352,1425)
,(107,'Antonio','Senzatela',105,2021,26,'COL','NL',28,28,0,0,4,10,0.286,0,156.2,178,84,77,32,4.42,2405,1551)
,(108,'Kolby','Allard',104,2021,23,'TEX','AL',32,17,0,0,3,12,0.2,0,124.2,128,80,75,31,5.41,2055,1344)
,(109,'Paul','Sewald',104,2021,31,'SEA','AL',62,0,0,0,10,3,0.769,11,64.2,42,24,22,24,3.06,1104,742)
,(110,'Nestor','Cortes',103,2021,26,'NYY','AL',22,14,0,0,2,3,0.4,0,93,75,32,30,25,2.9,1524,985)
,(111,'Raisel','Iglesias',103,2021,31,'LAA','AL',65,0,0,0,7,5,0.583,34,70,53,25,20,12,2.57,1059,739)
,(112,'Michael','Kopech',103,2021,25,'CHW','AL',44,4,0,0,4,3,0.571,0,69.1,54,27,27,24,3.5,1154,755)
,(113,'Josh','Hader',102,2021,27,'MIL','NL',60,0,0,0,4,2,0.667,34,58.2,25,8,8,24,1.23,964,633)
,(114,'Vince','Velasquez',101,2021,29,'TOT','NL',25,21,0,0,3,9,0.25,0,94.1,91,68,66,49,6.3,1750,1089)
,(115,'Craig','Kimbrel',100,2021,33,'TOT','ML',63,0,0,0,4,5,0.444,24,59.2,31,19,15,23,2.26,1008,635)
,(116,'Zach','Plesac',100,2021,26,'CLE','AL',25,25,0,0,10,6,0.625,0,142.2,137,79,74,34,4.67,2205,1456)
,(117,'Huascar','Ynoa',100,2021,23,'ATL','NL',18,17,0,0,4,6,0.4,0,91,76,42,41,25,4.05,1482,964)
,(118,'Aaron','Civale',99,2021,26,'CLE','AL',21,21,0,0,12,5,0.706,0,124.1,108,56,53,31,3.84,1902,1214)
,(119,'Zach','Eflin',99,2021,27,'PHI','NL',18,18,0,0,4,7,0.364,0,105.2,116,52,49,16,4.17,1615,1098)
,(120,'Chad','Green',99,2021,30,'NYY','AL',67,0,0,0,10,7,0.588,6,83.2,57,32,29,17,3.12,1312,880)
,(121,'Tylor','Megill',99,2021,25,'NYM','NL',18,18,0,0,4,6,0.4,0,89.2,88,46,45,27,4.52,1554,1005)
,(122,'Chris','Paddack',99,2021,25,'SDP','NL',23,22,0,0,7,7,0.5,0,108.1,115,67,61,22,5.07,1869,1227)
,(123,'Alex','Cobb',98,2021,33,'LAA','AL',18,18,0,0,8,3,0.727,0,93.1,85,46,39,33,3.76,1579,1002)
,(124,'Johnny','Cueto',98,2021,35,'SFG','NL',22,21,0,0,7,7,0.5,0,114.2,127,57,52,30,4.08,1878,1221)
,(125,'Domingo','German',98,2021,28,'NYY','AL',22,18,0,0,4,5,0.444,0,98.1,89,52,50,27,4.58,1579,1042)
,(126,'Jesus','Luzardo',98,2021,23,'TOT','ML',25,18,0,0,6,9,0.4,0,95.1,106,73,70,48,6.61,1727,1057)
,(127,'Hector','Neris',98,2021,32,'PHI','NL',74,0,0,0,4,7,0.364,12,74.1,55,34,30,32,3.63,1243,809)
,(128,'Aroldis','Chapman',97,2021,33,'NYY','AL',61,0,0,0,6,4,0.6,30,56.1,36,23,21,38,3.36,1004,610)
,(129,'Mike','Foltynewicz',97,2021,29,'TEX','AL',28,24,0,0,2,12,0.143,0,139,139,86,84,36,5.44,2236,1445)
,(130,'Martin','Perez',97,2021,30,'BOS','AL',36,22,0,0,7,8,0.467,0,114,136,71,60,36,4.74,1860,1193)
,(131,'Bailey','Ober',96,2021,25,'MIN','AL',20,20,0,0,3,3,0.5,0,92.1,92,45,43,19,4.19,1476,993)
,(132,'Giovanny','Gallegos',95,2021,29,'STL','NL',73,0,0,0,6,5,0.545,14,80.1,51,28,27,20,3.02,1236,816)
,(133,'Matt','Harvey',95,2021,32,'BAL','AL',28,28,0,0,6,14,0.3,0,127.2,160,96,89,37,6.27,2232,1431)
,(134,'Dallas','Keuchel',95,2021,33,'CHW','AL',32,30,0,0,9,9,0.5,0,162,189,105,95,59,5.28,2725,1661)
,(135,'Alex','Reyes',95,2021,26,'STL','NL',69,0,0,0,10,8,0.556,29,72.1,46,32,26,52,3.24,1249,741)
,(136,'Patrick','Sandoval',94,2021,24,'LAA','AL',17,14,0,0,3,6,0.333,1,87,69,38,35,36,3.62,1444,902)
,(137,'Ross','Stripling',94,2021,31,'TOR','AL',24,19,0,0,5,7,0.417,0,101.1,99,55,54,30,4.8,1686,1073)
,(138,'Paolo','Espino',92,2021,34,'WSN','NL',35,19,0,0,5,5,0.5,1,109.2,108,53,52,25,4.27,1741,1138)
,(139,'John','Gant',92,2021,28,'TOT','ML',39,21,0,0,5,11,0.313,0,110,95,56,50,71,4.09,1975,1172)
,(140,'Taylor','Hearn',92,2021,26,'TEX','AL',42,11,0,0,6,6,0.5,0,104.1,96,58,54,42,4.66,1726,1107)
,(141,'Mitch','Keller',92,2021,25,'PIT','NL',23,23,0,0,5,11,0.313,0,100.2,131,69,69,49,6.17,1858,1157)
,(142,'Scott','Barlow',91,2021,28,'KCR','AL',71,0,0,0,5,3,0.625,16,74.1,61,20,20,28,2.42,1223,777)
,(143,'Jon','Lester',91,2021,37,'TOT','NL',28,28,0,0,7,6,0.538,0,141.1,159,84,74,55,4.71,2380,1453)
,(144,'Jake','Odorizzi',91,2021,31,'HOU','AL',24,23,0,0,6,7,0.462,0,104.2,97,51,49,34,4.21,1847,1167)
,(145,'Mike','Mayers',90,2021,29,'LAA','AL',72,2,0,0,5,5,0.5,2,75,71,32,32,26,3.84,1236,794)
,(146,'Jose','Urquidy',90,2021,26,'HOU','AL',20,20,0,0,8,3,0.727,0,107,87,43,43,19,3.62,1625,1127)
,(147,'Trevor','Williams',90,2021,29,'TOT','NL',23,15,0,0,4,2,0.667,0,91,105,51,44,31,4.35,1537,1009)
,(148,'Edwin','Diaz',89,2021,27,'NYM','NL',63,0,0,0,5,6,0.455,32,62.2,43,27,24,23,3.45,999,647)
,(149,'Vladimir','Gutiérrez',88,2021,25,'CIN','NL',22,22,0,0,9,6,0.6,0,114,115,61,60,46,4.74,1831,1158)
,(150,'Michael','Pineda',88,2021,32,'MIN','AL',22,21,0,0,9,8,0.529,0,109.1,114,49,44,21,3.62,1706,1178)
,(151,'Tyler','Alexander',87,2021,26,'DET','AL',41,15,0,0,2,4,0.333,0,106.1,106,47,45,28,3.81,1640,1100)
,(152,'Tanner','Houck',87,2021,25,'BOS','AL',18,13,0,0,1,5,0.167,1,69,57,32,27,21,3.52,1149,732)
,(153,'Alec','Mills',87,2021,29,'CHC','NL',32,20,0,0,6,7,0.462,1,119,137,75,67,34,5.07,1934,1244)
,(154,'Will','Smith',87,2021,31,'ATL','NL',71,0,0,0,3,7,0.3,37,68,49,27,26,28,3.44,1079,699)
,(155,'Devin','Williams',87,2021,26,'MIL','NL',58,0,0,0,8,2,0.8,3,54,36,17,15,28,2.5,993,622)
,(156,'Kenley','Jansen',86,2021,33,'LAD','NL',69,0,0,0,4,4,0.5,38,69,36,21,17,36,2.22,1071,713)
,(157,'Chris','Stratton',86,2021,30,'PIT','NL',68,0,0,0,7,1,0.875,8,79.1,70,34,32,33,3.63,1374,874)
,(158,'Jack','Flaherty',85,2021,25,'STL','NL',17,15,0,0,9,2,0.818,0,78.1,57,35,28,26,3.22,1353,830)
,(159,'Phil','Maton',85,2021,28,'TOT','AL',65,1,0,0,6,0,1,0,66.2,65,36,35,32,4.72,1174,759)
,(160,'Jose','Quintana',85,2021,32,'TOT','ML',29,10,0,0,0,3,0,0,63,74,50,45,35,6.43,1240,762)
,(161,'Jordan','Romano',85,2021,28,'TOR','AL',62,0,0,0,7,1,0.875,23,63,41,17,15,25,2.14,1031,671)
,(162,'Jose','Suarez',85,2021,23,'LAA','AL',23,14,0,0,8,8,0.5,0,98.1,85,45,41,36,3.75,1650,1045)
,(163,'Blake','Treinen',85,2021,33,'LAD','NL',72,0,0,0,6,5,0.545,7,72.1,46,20,16,25,1.99,1095,711)
,(164,'Matt','Barnes',84,2021,31,'BOS','AL',60,0,0,0,6,5,0.545,24,54.2,41,25,23,20,3.79,919,606)
,(165,'Dylan','Bundy',84,2021,28,'LAA','AL',23,19,0,0,2,9,0.182,0,90.2,89,64,61,34,6.06,1524,992)
,(166,'Jake','Arrieta',83,2021,35,'TOT','NL',24,24,0,0,5,14,0.263,0,98.2,131,91,81,44,7.39,1746,1080)
,(167,'Brad','Boxberger',83,2021,33,'MIL','NL',71,0,0,0,5,4,0.556,4,64.2,44,26,24,25,3.34,1074,688)
,(168,'Jake','Diekman',83,2021,34,'OAK','AL',67,0,0,0,3,3,0.5,7,60.2,47,29,26,34,3.86,1118,685)
,(169,'Heath','Hembree',83,2021,32,'TOT','NL',60,0,0,0,2,7,0.222,9,58,45,39,36,24,5.59,1090,705)
,(170,'Trevor','May',83,2021,31,'NYM','NL',68,0,0,0,7,3,0.7,4,62.2,55,29,25,24,3.59,1117,729)
,(171,'Craig','Stammen',83,2021,37,'SDP','NL',67,4,0,0,6,3,0.667,1,88.1,79,31,30,13,3.06,1308,852)
,(172,'Ryne','Stanek',83,2021,29,'HOU','AL',72,0,0,0,3,5,0.375,2,68.1,46,32,26,37,3.42,1166,714)
,(173,'Keegan','Akin',82,2021,26,'BAL','AL',24,17,0,0,2,10,0.167,0,95,110,70,70,40,6.63,1768,1158)
,(174,'Corey','Kluber',82,2021,35,'NYY','AL',16,16,1,1,5,3,0.625,0,80,74,37,34,33,3.83,1338,854)
,(175,'Eli','Morgan',81,2021,25,'CLE','AL',18,18,0,0,5,7,0.417,0,89.1,90,54,53,22,5.34,1414,939)
,(176,'Ryan','Pressly',81,2021,32,'HOU','AL',64,0,0,0,5,3,0.625,26,64,49,19,16,13,2.25,956,660)
,(177,'Garrett','Whitlock',81,2021,25,'BOS','AL',46,0,0,0,8,4,0.667,2,73.1,64,22,16,17,1.96,1150,780)
,(178,'Daniel','Bard',80,2021,36,'COL','NL',67,0,0,0,7,8,0.467,20,65.2,69,41,38,36,5.21,1217,769)
,(179,'Kwang','KimHyun',80,2021,32,'STL','NL',27,21,0,0,7,7,0.5,1,106.2,98,46,41,39,3.46,1784,1100)
,(180,'Jeff','Hoffman',79,2021,28,'CIN','NL',31,11,0,0,3,5,0.375,0,73,70,41,37,45,4.56,1360,816)
,(181,'Clay','Holmes',78,2021,28,'TOT','ML',69,0,0,0,8,4,0.667,0,70,53,32,28,29,3.6,1124,715)
,(182,'James','Karinchak',78,2021,25,'CLE','AL',60,0,0,0,7,4,0.636,11,55.1,35,27,25,32,4.07,1032,624)
,(183,'Lucas','Luetge',78,2021,34,'NYY','AL',57,1,0,0,4,2,0.667,1,72.1,67,30,22,15,2.74,1241,774)
,(184,'Trevor','Richards',78,2021,28,'TOT','ML',53,0,0,0,7,2,0.778,1,64.1,40,26,25,22,3.5,1063,655)
,(185,'David','Bednar',77,2021,26,'PIT','NL',61,0,0,0,3,1,0.75,3,60.2,40,15,15,19,2.23,934,642)
,(186,'Genesis','Cabrera',77,2021,24,'STL','NL',71,0,0,0,4,5,0.444,0,70,52,31,29,36,3.73,1200,747)
,(187,'Miguel','Castro',77,2021,26,'NYM','NL',69,2,0,0,3,4,0.429,0,70.1,48,30,27,43,3.45,1228,732)
,(188,'Pierce','Johnson',77,2021,30,'SDP','NL',63,2,0,0,3,4,0.429,0,58.2,47,21,21,27,3.22,1047,664)
,(189,'Andrew','Kittredge',77,2021,31,'TBR','AL',57,4,0,0,9,3,0.75,8,71.2,55,21,15,15,1.88,982,691)
,(190,'Tyler','Matzek',77,2021,30,'ATL','NL',69,0,0,0,0,4,0,0,63,40,19,18,37,2.57,1066,654)
,(191,'Caleb','Thielbar',77,2021,34,'MIN','AL',59,0,0,0,7,0,1,0,64,55,24,23,20,3.23,1106,736)
,(192,'Austin','Adams',76,2021,30,'SDP','NL',65,0,0,0,3,2,0.6,0,52.2,28,28,24,35,4.1,962,574)
,(193,'Jake','Brentz',76,2021,26,'KCR','AL',72,0,0,0,5,2,0.714,2,64,45,32,26,37,3.66,1106,671)
,(194,'Josiah','Gray',76,2021,23,'TOT','NL',14,13,0,0,2,2,0.5,0,70.2,63,44,43,33,5.48,1213,772)
,(195,'Hansel','Robles',76,2021,30,'TOT','AL',72,0,0,0,3,5,0.375,14,69,58,39,34,37,4.43,1185,763)
,(196,'Lucas','Sims',76,2021,27,'CIN','NL',47,0,0,0,5,3,0.625,7,47,34,26,23,18,4.4,815,517)
,(197,'Gregory','Soto',76,2021,26,'DET','AL',62,0,0,0,6,3,0.667,18,63.2,46,30,24,40,3.39,1131,709)
,(198,'Rex','Brothers',75,2021,33,'CHC','NL',57,0,0,0,3,2,0.6,1,53,41,31,31,35,5.26,1000,573)
,(199,'Aaron','Bummer',75,2021,27,'CHW','AL',62,0,0,0,5,5,0.5,2,56.1,42,28,22,29,3.51,962,595)
,(200,'Diego','Castillo',75,2021,27,'TOT','AL',61,0,0,0,5,5,0.5,16,58.1,40,23,18,17,2.78,936,613)
,(201,'Daniel','Hudson',75,2021,34,'TOT','NL',54,0,0,0,5,3,0.625,0,51.2,40,22,19,16,3.31,865,559)
,(202,'Chad','Kuhl',75,2021,28,'PIT','NL',28,14,0,0,5,7,0.417,0,80.1,73,50,43,42,4.82,1436,839)
,(203,'Trevor','Stephan',75,2021,25,'CLE','AL',43,0,0,0,3,1,0.75,1,63.1,58,32,31,31,4.41,1212,753)
,(204,'Emmanuel','Clase',74,2021,23,'CLE','AL',71,0,0,0,4,5,0.444,24,69.2,51,18,10,16,1.29,1057,722)
,(205,'Carlos','Hernandez',74,2021,24,'KCR','AL',24,11,0,0,6,2,0.75,0,85.2,69,36,35,41,3.68,1434,872)
,(206,'Collin','McHugh',74,2021,34,'TBR','AL',37,7,0,0,6,1,0.857,1,64,48,15,11,12,1.55,972,667)
,(207,'Luis','Patino',74,2021,21,'TBR','AL',19,15,0,0,5,3,0.625,0,77.1,69,40,37,29,4.31,1365,878)
,(208,'Ryan','Tepera',74,2021,33,'TOT','ML',65,0,0,0,0,2,0,2,61.1,35,19,19,19,2.79,947,600)
,(209,'Michael','Fulmer',73,2021,28,'DET','AL',52,4,0,0,5,6,0.455,14,69.2,69,27,23,20,2.97,1185,750)
,(210,'Drew','Rasmussen',73,2021,25,'TOT','ML',35,10,0,0,4,1,0.8,1,76,57,27,24,25,2.84,1202,782)
,(211,'Cole','Sulser',73,2021,31,'BAL','AL',60,0,0,0,5,4,0.556,8,63.1,48,20,19,23,2.7,1070,697)
,(212,'Taylor','Widener',73,2021,26,'ARI','NL',23,13,0,0,2,1,0.667,0,70.1,65,38,34,37,4.35,1216,757)
,(213,'Jeurys','Familia',72,2021,31,'NYM','NL',65,0,0,0,9,4,0.692,1,59.1,57,31,26,27,3.94,1017,655)
,(214,'Josh','Staumont',72,2021,27,'KCR','AL',64,0,0,0,4,3,0.571,5,65.2,43,24,21,27,2.88,1096,676)
,(215,'Ryan','Weathers',72,2021,21,'SDP','NL',30,18,0,0,4,7,0.364,1,94.2,101,57,56,30,5.32,1617,1013)
,(216,'Anthony','Bender',71,2021,26,'MIA','NL',60,1,0,0,3,2,0.6,3,61.1,45,22,19,20,2.79,973,626)
,(217,'Nabil','Crismatt',71,2021,26,'SDP','NL',45,0,0,0,3,1,0.75,0,81.1,87,40,34,24,3.76,1340,847)
,(218,'Adam','Ottavino',71,2021,35,'BOS','AL',69,0,0,0,7,3,0.7,11,62,55,31,29,35,4.21,1145,705)
,(219,'Bryan','Shaw',71,2021,33,'CLE','AL',81,0,0,0,6,7,0.462,2,77.1,69,33,30,38,3.49,1374,853)
,(220,'Luke','Jackson',70,2021,29,'ATL','NL',71,0,0,0,2,2,0.5,0,63.2,45,15,14,29,1.98,1055,654)
,(221,'Tanner','Scott',70,2021,26,'BAL','AL',62,0,0,0,5,4,0.556,0,54,48,34,31,37,5.17,1032,615)
,(222,'Jonathan','Loaisiga',69,2021,26,'NYY','AL',57,0,0,0,9,4,0.692,5,70.2,56,19,17,16,2.17,1086,737)
,(223,'Emilio','Pagan',69,2021,30,'SDP','NL',67,0,0,0,4,3,0.571,0,63.1,56,35,34,18,4.83,1098,718)
,(224,'David','Peterson',69,2021,25,'NYM','NL',15,15,0,0,2,6,0.25,0,66.2,64,44,41,29,5.54,1122,708)
,(225,'Josh','Sborz',69,2021,27,'TEX','AL',63,0,0,0,4,3,0.571,1,59,52,29,26,32,3.97,1079,669)
,(226,'Brent','Suter',69,2021,31,'MIL','NL',61,1,0,0,12,5,0.706,1,73.1,72,34,25,24,3.07,1221,789)
,(227,'Jose','Alvarado',68,2021,26,'PHI','NL',64,0,0,0,7,1,0.875,5,55.2,42,30,26,47,4.2,1045,619)
,(228,'Kyle','Finnegan',68,2021,29,'WSN','NL',68,0,0,0,5,9,0.357,11,66,64,39,26,34,3.55,1209,779)
,(229,'Jarlin','Garcia',68,2021,28,'SFG','NL',58,0,0,0,6,3,0.667,1,68.2,48,26,20,18,2.62,1002,676)
,(230,'Sam','Hentges',68,2021,24,'CLE','AL',30,12,0,0,1,4,0.2,0,68.2,90,54,51,32,6.68,1260,755)
,(231,'Tyler','Kinley',68,2021,30,'COL','NL',70,0,0,0,3,2,0.6,0,70.1,59,37,37,26,4.73,1144,739)
,(232,'Matthew','Boyd',67,2021,30,'DET','AL',15,15,0,0,3,8,0.273,0,78.2,77,37,34,23,3.89,1271,860)
,(233,'Lou','Trivino',67,2021,29,'OAK','AL',71,0,0,0,7,8,0.467,22,73.2,58,32,26,34,3.18,1177,732)
,(234,'Jose','Urena',67,2021,29,'DET','AL',26,18,0,0,4,8,0.333,0,100.2,119,70,65,42,5.81,1694,1036)
,(235,'Zach','Thompson',66,2021,27,'MIA','NL',26,14,0,0,3,7,0.3,0,75,63,35,27,28,3.24,1194,765)
,(236,'Garrett','Crochet',65,2021,22,'CHW','AL',54,0,0,0,3,5,0.375,0,54.1,42,22,17,27,2.82,915,562)
,(237,'Danny','Duffy',65,2021,32,'KCR','AL',13,12,0,0,4,3,0.571,0,61,52,19,17,22,2.51,1009,641)
,(238,'Josh','Fleming',65,2021,25,'TBR','AL',26,11,0,0,10,8,0.556,1,104.1,110,60,59,31,5.09,1629,1051)
,(239,'Tony','Gonsolin',65,2021,27,'LAD','NL',15,13,0,0,4,1,0.8,0,55.2,41,20,20,34,3.23,990,597)
,(240,'Griffin','Jax',65,2021,26,'MIN','AL',18,14,0,0,4,5,0.444,0,82,82,62,58,29,6.37,1394,895)
,(241,'Brooks','Raley',65,2021,33,'HOU','AL',58,0,0,0,2,3,0.4,2,49,43,30,26,16,4.78,865,546)
,(242,'Duane','Underwood',65,2021,26,'PIT','NL',43,0,0,0,2,3,0.4,0,72.2,77,40,35,27,4.33,1177,744)
,(243,'Tyler','Wells',65,2021,26,'BAL','AL',44,0,0,0,2,3,0.4,4,57,40,27,26,12,4.11,894,615)
,(244,'Andrew','Chafin',64,2021,31,'TOT','ML',71,0,0,0,2,4,0.333,5,68.2,45,14,14,19,1.83,947,629)
,(245,'Steve','Cishek',64,2021,35,'LAA','AL',74,0,0,0,0,2,0,0,68.1,61,32,26,41,3.42,1255,761)
,(246,'Kyle','Funkhouser',63,2021,27,'DET','AL',57,2,0,0,7,4,0.636,1,68.1,58,32,26,38,3.42,1189,709)
,(247,'Zack','Littell',63,2021,25,'SFG','NL',63,2,0,0,4,0,1,2,61.2,46,24,20,24,2.92,993,645)
,(248,'Matt','Moore',63,2021,32,'PHI','NL',24,13,0,0,2,4,0.333,0,73,78,54,51,38,6.29,1253,794)
,(249,'Jose','Ruiz',63,2021,26,'CHW','AL',59,0,0,0,1,3,0.25,0,65,51,26,22,25,3.05,1036,677)
,(250,'Justus','Sheffield',63,2021,25,'SEA','AL',21,15,0,0,7,8,0.467,0,80.1,105,69,61,43,6.83,1470,897)
,(251,'Jeffrey','Springs',63,2021,28,'TBR','AL',43,0,0,0,5,1,0.833,2,44.2,35,21,17,14,3.43,751,482)
,(252,'Griffin','Canning',62,2021,25,'LAA','AL',14,13,0,0,5,4,0.556,0,62.2,65,41,39,28,5.6,1080,676)
,(253,'Jose','Cisnero',62,2021,32,'DET','AL',67,0,0,0,4,4,0.5,4,61.2,51,34,25,31,3.65,1068,663)
,(254,'Ross','Detwiler',62,2021,35,'TOT','NL',53,5,0,0,3,1,0.75,0,52.1,44,28,27,20,4.64,888,567)
,(255,'Dylan','Floro',62,2021,30,'MIA','NL',68,0,0,0,6,6,0.5,15,64,53,25,20,25,2.81,1076,704)
,(256,'Deolis','Guerra',62,2021,32,'OAK','AL',53,0,0,0,4,1,0.8,0,65.2,53,34,30,20,4.11,1086,684)
,(257,'Ian','Kennedy',62,2021,36,'TOT','ML',55,0,0,0,3,1,0.75,26,56.1,45,21,20,17,3.2,899,616)
,(258,'Michael','King',62,2021,26,'NYY','AL',22,6,0,0,2,4,0.333,0,63.1,57,29,25,24,3.55,1009,654)
,(259,'Luke','Weaver',62,2021,27,'ARI','NL',13,13,0,0,3,6,0.333,0,65.2,58,34,31,20,4.25,1109,746)
,(260,'Matt','Wisler',62,2021,28,'TOT','ML',48,0,0,0,3,5,0.375,1,48.2,41,24,20,11,3.7,787,513)
,(261,'Jorge','Alcala',61,2021,25,'MIN','AL',59,0,0,0,3,6,0.333,1,59.2,45,29,26,13,3.92,869,598)
,(262,'Tyler','Duffey',61,2021,30,'MIN','AL',64,0,0,0,3,3,0.5,3,62.1,48,25,22,28,3.18,1052,650)
,(263,'Amir','Garrett',61,2021,29,'CIN','NL',63,0,0,0,0,4,0,7,47.2,46,34,32,29,6.04,828,518)
,(264,'Kendall','Graveman',61,2021,30,'TOT','AL',53,0,0,0,5,1,0.833,10,56,35,15,11,20,1.77,871,546)
,(265,'Junior','Guerra',61,2021,36,'LAA','AL',41,1,0,0,5,2,0.714,0,65.1,67,45,44,46,6.06,1225,721)
,(266,'Brad','Hand',61,2021,31,'TOT','ML',68,0,0,0,6,7,0.462,21,64.2,56,39,28,26,3.9,1076,678)
,(267,'Hirokazu','Sawamura',61,2021,33,'BOS','AL',55,0,0,0,5,1,0.833,0,53,45,24,18,32,3.06,946,554)
,(268,'Nick','Wittgren',61,2021,30,'CLE','AL',60,1,0,0,2,9,0.182,1,62.1,61,38,35,17,5.05,1018,650)
,(269,'Carlos','Estevez',60,2021,28,'COL','NL',64,0,0,0,3,5,0.375,11,61.2,71,32,30,21,4.38,1007,641)
,(270,'Paul','Fry',60,2021,28,'BAL','AL',52,0,0,0,4,5,0.444,2,47.1,37,34,32,35,6.08,872,518)
,(271,'Yimi','Garcia',60,2021,30,'TOT','ML',62,0,0,0,4,9,0.308,15,57.2,49,33,27,18,4.21,944,634)
,(272,'Sam','Howard',60,2021,28,'PIT','NL',54,1,0,0,3,4,0.429,0,45,34,29,28,32,5.6,846,513)
,(273,'Sergio','Romo',60,2021,38,'OAK','AL',66,0,0,0,1,1,0.5,3,61.2,56,33,32,21,4.67,1043,652)
,(274,'Josh','Taylor',60,2021,28,'BOS','AL',61,0,0,0,1,0,1,1,47.2,45,18,18,23,3.4,791,502)
,(275,'Phil','Bickford',59,2021,25,'TOT','NL',57,0,0,0,4,2,0.667,1,51.1,36,18,16,19,2.81,776,522)
,(276,'Mark','Melancon',59,2021,36,'SDP','NL',64,0,0,0,4,3,0.571,39,64.2,54,21,16,25,2.23,1053,676)
,(277,'Taylor','Rogers',59,2021,30,'MIN','AL',40,0,0,0,2,4,0.333,9,40.1,38,18,15,8,3.35,637,450)
,(278,'Justin','Steele',59,2021,25,'CHC','NL',20,9,0,0,4,4,0.5,0,57,50,29,27,27,4.26,964,595)
,(279,'Austin','Voth',59,2021,29,'WSN','NL',49,1,0,0,4,1,0.8,0,57.1,57,35,34,28,5.34,1021,640)
,(280,'Brett','Anderson',58,2021,33,'MIL','NL',24,24,0,0,4,9,0.308,0,96,102,52,45,28,4.22,1505,888)
,(281,'Anthony','Bass',58,2021,33,'MIA','NL',70,1,0,0,3,9,0.25,0,61.1,55,33,26,24,3.82,959,622)
,(282,'Alex','Colome',58,2021,32,'MIN','AL',67,0,0,0,4,4,0.5,17,65,68,41,30,23,4.15,1108,708)
,(283,'Jake','McGee',58,2021,34,'SFG','NL',62,0,0,0,3,2,0.6,31,59.2,44,25,18,10,2.72,878,637)
,(284,'Daniel','Norris',58,2021,28,'TOT','ML',56,0,0,0,2,3,0.4,1,57,55,41,39,30,6.16,989,596)
,(285,'Wily','Peralta',58,2021,32,'DET','AL',19,18,0,0,4,5,0.444,0,93.2,87,41,32,38,3.07,1554,935)
,(286,'David','Price',58,2021,35,'LAD','NL',39,11,0,0,5,2,0.714,1,73.2,79,35,33,26,4.03,1178,788)
,(287,'Drew','Steckenrider',58,2021,30,'SEA','AL',62,0,0,0,5,2,0.714,14,67.2,52,16,15,17,2,1008,679)
,(288,'Hunter','Strickland',58,2021,32,'TOT','ML',57,0,0,0,3,2,0.6,0,58.2,46,21,17,22,2.61,981,638)
,(289,'Joe','Jimenez',57,2021,26,'DET','AL',52,0,0,0,6,1,0.857,1,45.1,34,33,30,35,5.96,866,528)
,(290,'Dinelson','Lamet',57,2021,28,'SDP','NL',22,9,0,0,2,4,0.333,0,47,48,24,23,22,4.4,832,541)
,(291,'Aaron','Loup',57,2021,33,'NYM','NL',65,2,0,0,6,0,1,0,56.2,37,9,6,16,0.95,833,552)
,(292,'Matt','Manning',57,2021,23,'DET','AL',18,18,0,0,4,7,0.364,0,85.1,96,59,55,33,5.8,1421,921)
,(293,'Carlos','Martinez',57,2021,29,'STL','NL',16,16,0,0,4,9,0.308,0,82.1,77,58,57,36,6.23,1280,815)
,(294,'Tim','Mayza',57,2021,29,'TOR','AL',61,0,0,0,5,2,0.714,1,53,40,21,20,12,3.4,839,533)
,(295,'A.J.','Minter',57,2021,27,'ATL','NL',61,0,0,0,3,6,0.333,0,52.1,44,27,22,20,3.78,876,578)
,(296,'Pete','Fairbanks',56,2021,27,'TBR','AL',47,0,0,0,3,6,0.333,5,42.2,40,22,17,21,3.59,774,495)
,(297,'ChiChi','Gonzalez',56,2021,29,'COL','NL',24,18,0,0,3,7,0.3,0,101.2,127,74,73,28,6.46,1635,1067)
,(298,'Codi','Heuer',56,2021,24,'TOT','ML',65,0,0,0,7,4,0.636,2,67.1,65,34,32,23,4.28,1049,686)
,(299,'Tim','Hill',56,2021,31,'SDP','NL',78,0,0,0,6,6,0.5,1,59.2,51,34,24,23,3.62,961,631)
,(300,'Tony','Santillan',56,2021,24,'CIN','NL',26,4,0,0,1,3,0.25,0,43.1,34,15,14,21,2.91,763,461);


-- -----------------------------------------------------
-- Insert into Player Batting
-- -----------------------------------------------------

INSERT INTO `baseballdatabase`.`playerbatting`
(`Rank`,
`FirstName`,
`LastName`,
`Homeruns`,
`Year`,
`Age`,
`TeamAbrv`,
`League`,
`GamesPlayed`,
`PlateAppearances`,
`AtBats`,
`Runs`,
`Hits`,
`RBI`,
`Walks`,
`StrikeOuts`,
`StolenBases`,
`BattingAvg`,
`OnBase%`,
`Position`)
VALUES
(1,'Vladimir','Guerrero',48,2021,22,'TOR','AL',161,698,604,123,188,111,86,110,4,0.311,0.401,'1B')
,(2,'Salvador','Perez',48,2021,31,'KCR','AL',161,665,620,88,169,121,28,170,1,0.273,0.316,'DH')
,(3,'Shohei','Ohtani',46,2021,26,'LAA','AL',155,639,537,103,138,100,96,189,26,0.257,0.373,'DH')
,(4,'Marcus','Semien',45,2021,30,'TOR','AL',162,724,652,115,173,102,66,146,15,0.265,0.334,'2B')
,(5,'Fernando','Tatis',42,2021,22,'SDP','NL',130,546,478,99,135,97,62,153,25,0.282,0.365,'SS')
,(6,'Mitch','Haniger',39,2021,30,'SEA','AL',157,691,620,110,157,100,54,169,1,0.253,0.318,'RF')
,(7,'Aaron','Judge',39,2021,29,'NYY','AL',148,633,550,89,158,98,75,158,6,0.287,0.373,'RF')
,(8,'Brandon','Lowe',39,2021,26,'TBR','AL',149,615,535,97,132,99,68,167,7,0.247,0.34,'2B')
,(9,'Matt','Olson',39,2021,27,'OAK','AL',156,673,565,101,153,111,88,113,4,0.271,0.372,'1B')
,(10,'Rafael','Devers',38,2021,24,'BOS','AL',156,664,591,101,165,113,62,143,5,0.279,0.352,'3B')
,(11,'Adam','Duvall',38,2021,32,'ATL','NL',146,555,513,67,117,113,35,174,5,0.228,0.281,'RF')
,(12,'Joey','Gallo',38,2021,27,'NYY','AL',153,616,498,90,99,77,111,213,6,0.199,0.351,'LF')
,(13,'Pete','Alonso',37,2021,26,'NYM','NL',152,637,561,81,147,94,60,127,3,0.262,0.344,'1B')
,(14,'Max','Muncy',36,2021,30,'LAD','NL',144,592,497,95,124,94,83,120,2,0.25,0.368,'3B 1B')
,(15,'Jose','Ramirez',36,2021,28,'CLE','AL',152,636,552,111,147,103,72,87,27,0.266,0.355,'3B')
,(16,'Joey','Votto',36,2021,37,'CIN','NL',129,533,448,73,119,99,77,127,1,0.266,0.375,'1B')
,(17,'Bryce','Harper',35,2021,28,'PHI','NL',141,599,488,101,151,84,100,134,13,0.309,0.429,'RF')
,(18,'Kyle','Seager',35,2021,33,'SEA','AL',159,670,603,73,128,101,59,161,3,0.212,0.285,'3B')
,(19,'Giancarlo','Stanton',35,2021,31,'NYY','AL',139,579,510,64,139,97,63,157,0,0.273,0.354,'DH')
,(20,'Nolan','Arenado',34,2021,30,'STL','NL',157,653,593,81,151,105,50,96,2,0.255,0.312,'3B')
,(21,'Nick','Castellanos',34,2021,29,'CIN','NL',138,585,531,95,164,100,41,121,3,0.309,0.362,'RF')
,(22,'Tyler','O''Neill',34,2021,26,'STL','NL',138,537,482,89,138,80,38,168,15,0.286,0.352,'LF')
,(23,'Yordan','Alvarez',33,2021,24,'HOU','AL',144,598,537,92,149,104,50,145,1,0.278,0.346,'DH')
,(24,'Ryan','Mountcastle',33,2021,24,'BAL','AL',144,586,534,77,136,89,41,161,4,0.255,0.309,'DH')
,(25,'Jorge','Polanco',33,2021,27,'MIN','AL',152,644,588,97,158,98,45,118,11,0.269,0.323,'2B')
,(26,'Austin','Riley',33,2021,24,'ATL','NL',160,662,590,91,179,107,52,168,0,0.303,0.367,'3B')
,(27,'Mike','Zunino',33,2021,30,'TBR','AL',109,375,333,64,72,62,34,132,0,0.216,0.301,'C')
,(28,'Nelson','Cruz',32,2021,40,'TBR','AL',140,584,513,79,136,86,51,126,3,0.265,0.335,'DH')
,(29,'Teoscar','Hernandez',32,2021,28,'TOR','AL',143,595,550,92,163,116,36,148,12,0.296,0.346,'RF LF')
,(30,'Kyle','Schwarber',32,2021,28,'BOS','AL',113,471,399,76,106,71,64,127,1,0.266,0.374,'LF')
,(31,'Jose','Altuve',31,2021,31,'HOU','AL',146,678,601,117,167,83,66,91,5,0.278,0.35,'2B')
,(32,'Javier','Baez',31,2021,28,'NYM','NL',138,547,502,80,133,87,28,184,18,0.265,0.319,'SS')
,(33,'Freddie','Freeman',31,2021,31,'ATL','NL',159,695,600,120,180,83,85,107,8,0.3,0.393,'1B')
,(34,'Adolis','García',31,2021,28,'TEX','AL',149,622,581,77,141,90,32,194,16,0.243,0.286,'CF')
,(35,'Paul','Goldschmidt',31,2021,33,'STL','NL',158,679,603,102,177,99,67,136,12,0.294,0.365,'1B')
,(36,'Hunter','Renfroe',31,2021,29,'BOS','AL',144,572,521,89,135,96,44,130,1,0.259,0.315,'RF')
,(37,'Eugenio','Suarez',31,2021,29,'CIN','NL',145,574,505,71,100,79,56,171,0,0.198,0.286,'3B')
,(38,'José','Abreu',30,2021,34,'CHW','AL',152,659,566,86,148,117,61,143,1,0.262,0.351,'3B')
,(39,'Ozzie','Albies',30,2021,24,'ATL','NL',156,686,629,103,163,106,47,128,20,0.259,0.311,'2B')
,(40,'Cedric','Mullins',30,2021,26,'BAL','AL',159,675,602,91,175,59,59,125,30,0.291,0.36,'CF')
,(41,'Franmil','Reyes',30,2021,25,'CLE','AL',115,466,418,57,106,85,43,149,4,0.254,0.324,'RF')
,(42,'Miguel','Sano',30,2021,28,'MIN','AL',135,532,470,68,105,75,59,183,2,0.223,0.312,'1B')
,(43,'Kyle','Tucker',30,2021,24,'HOU','AL',140,567,506,83,149,92,53,90,14,0.295,0.359,'CF')
,(44,'Brandon','Belt',29,2021,33,'SFG','NL',97,381,325,65,89,59,48,103,3,0.274,0.378,'1B')
,(45,'Bo','Bichette',29,2021,23,'TOR','AL',159,690,640,121,191,102,40,137,25,0.298,0.344,'SS')
,(46,'Avisail','Garcia',29,2021,30,'MIL','NL',135,515,461,68,121,86,38,121,8,0.263,0.33,'RF')
,(47,'Juan','Soto',29,2021,22,'WSN','NL',151,654,502,111,157,95,145,93,9,0.313,0.465,'RF')
,(48,'Jared','Walsh',29,2021,27,'LAA','AL',144,585,530,70,147,98,48,152,2,0.277,0.34,'1B')
,(49,'C.J.','Cron',28,2021,31,'COL','NL',142,547,470,70,132,92,60,117,1,0.281,0.375,'1B')
,(50,'Eduardo','Escobar',28,2021,32,'MIL','NL',146,599,549,77,139,90,48,124,1,0.253,0.314,'3B 1B')
,(51,'Manny','Machado',28,2021,28,'SDP','NL',153,640,564,92,157,106,63,102,12,0.278,0.347,'3B')
,(52,'J.D.','Martinez',28,2021,33,'BOS','AL',148,634,570,92,163,99,55,150,0,0.286,0.349,'DH')
,(53,'Trea','Turner',28,2021,28,'LAD','NL',148,646,595,107,195,77,41,110,32,0.328,0.375,'2B')
,(54,'Patrick','Wisdom',28,2021,29,'CHC','NL',106,375,338,54,78,61,32,153,4,0.231,0.305,'3B')
,(55,'Josh','Bell',27,2021,28,'WSN','NL',144,568,498,75,130,88,65,101,0,0.261,0.347,'1B')
,(56,'Matt','Chapman',27,2021,28,'OAK','AL',151,622,529,75,111,72,80,202,3,0.21,0.314,'3B')
,(57,'Rhys','Hoskins',27,2021,28,'PHI','NL',107,443,389,64,96,71,47,108,3,0.247,0.334,'1B')
,(58,'Andrew','McCutchen',27,2021,34,'PHI','NL',144,574,482,78,107,80,81,132,6,0.222,0.335,'LF')
,(59,'Austin','Meadows',27,2021,26,'TBR','AL',142,591,518,79,121,106,59,122,4,0.234,0.315,'DH')
,(60,'Jorge','Soler',27,2021,29,'ATL','NL',149,602,516,74,115,70,67,142,0,0.223,0.317,'DH')
,(61,'Dansby','Swanson',27,2021,27,'ATL','NL',160,653,588,78,146,88,52,167,9,0.248,0.311,'SS')
,(62,'Justin','Turner',27,2021,36,'LAD','NL',151,612,533,87,148,87,61,98,3,0.278,0.361,'3B')
,(63,'Carlos','Correa',26,2021,26,'HOU','AL',148,640,555,104,155,92,75,116,0,0.279,0.366,'SS')
,(64,'Josh','Donaldson',26,2021,35,'MIN','AL',135,543,457,73,113,72,74,114,0,0.247,0.352,'3B')
,(65,'Willy','Adames',25,2021,25,'MIL','NL',140,555,497,77,130,73,57,156,5,0.262,0.337,'SS')
,(66,'Kris','Bryant',25,2021,29,'SFG','NL',144,586,513,86,136,73,62,135,10,0.265,0.353,'RF LF')
,(67,'Bobby','Dalbec',25,2021,26,'BOS','AL',133,453,417,50,100,78,28,156,2,0.24,0.298,'3B')
,(68,'Ian','Happ',25,2021,26,'CHC','NL',148,535,465,63,105,66,62,156,9,0.226,0.323,'2B')
,(69,'Will','Smith',25,2021,26,'LAD','NL',130,501,414,71,107,76,58,101,3,0.259,0.365,'C')
,(70,'Mike','Yastrzemski',25,2021,30,'SFG','NL',139,532,468,75,105,71,51,131,4,0.224,0.311,'RF')
,(71,'Ronald','Acuna',24,2021,23,'ATL','NL',82,360,297,72,84,52,49,85,17,0.283,0.394,'CF')
,(72,'Brandon','Crawford',24,2021,34,'SFG','NL',138,549,483,79,144,90,56,105,11,0.298,0.373,'SS')
,(73,'Bryan','Reynolds',24,2021,26,'PIT','NL',159,646,559,93,169,90,75,119,5,0.302,0.39,'LF')
,(74,'Trevor','Story',24,2021,28,'COL','NL',142,595,526,88,132,75,53,139,20,0.251,0.329,'SS')
,(75,'Jesse','Winker',24,2021,27,'CIN','NL',110,485,423,77,129,71,53,75,1,0.305,0.394,'LF')
,(76,'Mookie','Betts',23,2021,28,'LAD','NL',122,550,466,93,123,58,68,86,10,0.264,0.367,'2B')
,(77,'Xander','Bogaerts',23,2021,28,'BOS','AL',144,603,529,90,156,79,62,113,5,0.295,0.37,'SS')
,(78,'Yasmani','Grandal',23,2021,32,'CHW','AL',93,375,279,60,67,62,87,82,0,0.24,0.42,'C')
,(79,'Robbie','Grossman',23,2021,31,'DET','AL',156,671,557,88,133,67,98,155,20,0.239,0.357,'LF')
,(80,'Ryan','McMahon',23,2021,26,'COL','NL',151,596,528,80,134,86,59,147,6,0.254,0.331,'3B')
,(81,'Gary','Sanchez',23,2021,28,'NYY','AL',117,440,383,54,78,54,52,121,0,0.204,0.307,'C')
,(82,'Luis','Urias',23,2021,24,'MIL','NL',150,570,490,77,122,75,63,116,5,0.249,0.345,'3B')
,(83,'Jesus','Aguilar',22,2021,31,'MIA','NL',131,510,449,49,117,93,46,93,0,0.261,0.329,'3B')
,(84,'Randal','Grichuk',22,2021,29,'TOR','AL',149,545,511,59,123,81,27,114,0,0.241,0.281,'CF')
,(85,'Eric','Haase',22,2021,28,'DET','AL',98,381,351,48,81,61,26,119,2,0.231,0.286,'LF')
,(86,'Austin','Hays',22,2021,25,'BAL','AL',131,529,488,73,125,71,28,107,4,0.256,0.308,'RF')
,(87,'Anthony','Rizzo',22,2021,31,'NYY','AL',141,576,496,73,123,61,52,87,6,0.248,0.344,'2B')
,(88,'Jonathan','Schoop',22,2021,29,'DET','AL',156,674,623,85,173,84,37,133,2,0.278,0.321,'1B')
,(89,'George','Springer',22,2021,31,'TOR','AL',78,342,299,59,79,50,37,79,4,0.264,0.352,'CF')
,(90,'Willson','Contreras',21,2021,29,'CHC','NL',128,483,413,61,98,57,52,138,5,0.237,0.34,'LF')
,(91,'Jake','Cronenworth',21,2021,27,'SDP','NL',152,643,567,94,151,71,55,90,4,0.266,0.34,'2B')
,(92,'Lourdes','Gurriel',21,2021,27,'TOR','AL',141,541,500,62,138,84,32,102,1,0.276,0.319,'LF 1B')
,(93,'Cesar','Hernandez',21,2021,31,'CHW','AL',149,637,570,84,132,62,59,135,1,0.232,0.308,'2B')
,(94,'Jonathan','India',21,2021,24,'CIN','NL',150,631,532,98,143,69,71,141,12,0.269,0.376,'2B')
,(95,'Trey','Mancini',21,2021,29,'BAL','AL',147,616,556,77,142,71,51,143,0,0.255,0.326,'1B')
,(96,'AJ','Pollock',21,2021,33,'LAD','NL',117,422,384,53,114,69,30,80,9,0.297,0.356,'LF')
,(97,'Randy','Arozarena',20,2021,26,'TBR','AL',141,604,529,94,145,69,56,170,20,0.274,0.356,'LF')
,(98,'Seth','Brown',20,2021,28,'OAK','AL',111,307,281,43,60,48,23,89,4,0.214,0.274,'1B')
,(99,'Enrique','Hernandez',20,2021,29,'BOS','AL',134,585,508,84,127,60,61,110,1,0.25,0.337,'SS 2B')
,(100,'Francisco','Lindor',20,2021,27,'NYM','NL',125,524,452,73,104,63,58,96,10,0.23,0.322,'SS')
,(101,'Brad','Miller',20,2021,31,'PHI','NL',140,377,331,53,75,49,45,112,3,0.227,0.321,'1B')
,(102,'Chris','Taylor',20,2021,30,'LAD','NL',148,582,507,92,129,73,63,167,13,0.254,0.344,'SS')
,(103,'Byron','Buxton',19,2021,27,'MIN','AL',61,254,235,50,72,32,13,62,9,0.306,0.358,'CF')
,(104,'Paul','DeJong',19,2021,27,'STL','NL',113,402,356,44,70,45,35,103,4,0.197,0.284,'SS')
,(105,'Max','Kepler',19,2021,28,'MIN','AL',121,490,426,61,90,54,54,96,10,0.211,0.306,'RF')
,(106,'Tyler','Naquin',19,2021,30,'CIN','NL',127,454,411,52,111,70,35,106,5,0.27,0.333,'LF')
,(107,'Carlos','Santana',19,2021,35,'KCR','AL',158,659,565,66,121,69,86,102,2,0.214,0.319,'1B')
,(108,'Dylan','Carlson',18,2021,22,'STL','NL',149,619,542,79,144,65,57,152,2,0.266,0.343,'CF RF')
,(109,'Jazz','Chisholm',18,2021,23,'MIA','NL',124,507,464,70,115,53,34,145,23,0.248,0.303,'SS')
,(110,'Elias','Diaz',18,2021,30,'COL','NL',106,371,338,52,83,44,30,60,0,0.246,0.31,'C')
,(111,'Wilmer','Flores',18,2021,29,'SFG','NL',139,436,389,57,102,53,41,56,1,0.262,0.335,'3B')
,(112,'Ty','France',18,2021,26,'SEA','AL',152,650,571,85,166,73,46,106,0,0.291,0.368,'2B')
,(113,'Nathaniel','Lowe',18,2021,25,'TEX','AL',157,642,557,75,147,72,80,162,8,0.264,0.357,'1B')
,(114,'Joc','Pederson',18,2021,29,'ATL','NL',137,481,429,55,102,61,39,117,2,0.238,0.31,'LF')
,(115,'Buster','Posey',18,2021,34,'SFG','NL',113,454,395,68,120,56,56,87,0,0.304,0.39,'C')
,(116,'Anthony','Santander',18,2021,26,'BAL','AL',110,438,406,54,98,50,23,101,1,0.241,0.286,'RF')
,(117,'Jonathan','Villar',18,2021,30,'NYM','NL',142,505,454,63,113,42,46,132,14,0.249,0.322,'3B')
,(118,'LaMonte','Wade',18,2021,27,'SFG','NL',109,381,336,52,85,56,33,89,6,0.253,0.326,'RF')
,(119,'Tim','Anderson',17,2021,28,'CHW','AL',123,551,527,94,163,61,22,119,18,0.309,0.338,'SS')
,(120,'Andrew','Benintendi',17,2021,26,'KCR','AL',134,538,493,63,136,73,36,97,8,0.276,0.324,'LF')
,(121,'Mark','Canha',17,2021,32,'OAK','AL',141,625,519,93,120,61,77,128,12,0.231,0.358,'LF')
,(122,'Sean','Murphy',17,2021,26,'OAK','AL',119,448,393,47,85,59,40,114,0,0.216,0.306,'C')
,(123,'Wil','Myers',17,2021,30,'SDP','NL',146,500,442,56,113,63,54,141,8,0.256,0.334,'LF')
,(124,'Albert','Pujols',17,2021,41,'LAD','NL',109,296,275,29,65,50,14,45,2,0.236,0.284,'1B')
,(125,'J.T.','Realmuto',17,2021,30,'PHI','NL',134,537,476,64,125,73,48,129,13,0.263,0.343,'C')
,(126,'Justin','Upton',17,2021,33,'LAA','AL',89,362,318,47,67,41,39,107,4,0.211,0.296,'LF')
,(127,'Harrison','Bader',16,2021,27,'STL','NL',103,401,367,45,98,50,27,85,9,0.267,0.324,'CF')
,(128,'Bobby','Bradley',16,2021,25,'CLE','AL',74,279,245,36,51,41,25,99,0,0.208,0.294,'1B')
,(129,'Jeimer','Candelario',16,2021,27,'DET','AL',149,626,557,75,151,67,65,135,0,0.271,0.351,'3B')
,(130,'Hunter','Dozier',16,2021,29,'KCR','AL',144,543,487,55,105,54,43,154,5,0.216,0.286,'LF')
,(131,'Kyle','Farmer',16,2021,30,'CIN','NL',147,529,483,60,127,63,22,97,2,0.263,0.316,'2B')
,(132,'Darin','Ruf',16,2021,34,'SFG','NL',117,312,262,41,71,43,46,87,2,0.271,0.385,'LF')
,(133,'Corey','Seager',16,2021,27,'LAD','NL',95,409,353,54,108,57,48,66,1,0.306,0.394,'SS')
,(134,'Miguel','Cabrera',15,2021,38,'DET','AL',130,526,472,48,121,75,40,118,0,0.256,0.316,'1B')
,(135,'Yuli','Gurriel',15,2021,37,'HOU','AL',143,605,530,83,169,81,59,68,1,0.319,0.384,'3B')
,(136,'Trent','Grisham',15,2021,24,'SDP','NL',132,527,462,61,112,62,54,119,13,0.242,0.327,'CF')
,(137,'Rougned','Odor',15,2021,27,'NYY','AL',102,361,322,42,65,39,27,100,0,0.202,0.286,'2B')
,(138,'Tommy','Pham',15,2021,33,'SDP','NL',155,561,475,74,109,49,78,128,14,0.23,0.341,'LF')
,(139,'Kevin','Pillar',15,2021,32,'NYM','NL',124,347,325,40,75,47,11,81,4,0.231,0.277,'RF LF')
,(140,'Brendan','Rodgers',15,2021,24,'COL','NL',102,415,387,49,110,51,19,84,0,0.284,0.328,'2B')
,(141,'Luis','Torrens',15,2021,25,'SEA','AL',108,378,346,39,84,47,28,99,0,0.243,0.299,'DH')
,(142,'Andrew','Vaughn',15,2021,23,'CHW','AL',127,469,417,56,98,48,41,101,1,0.235,0.309,'LF 1B')
,(143,'Michael','Conforto',14,2021,28,'NYM','NL',125,479,406,52,94,55,59,104,1,0.232,0.345,'RF')
,(144,'Freddy','Galvis',14,2021,31,'PHI','NL',104,394,356,53,86,40,27,77,1,0.242,0.302,'SS')
,(145,'Yan','Gomes',14,2021,33,'OAK','AL',103,375,349,49,88,52,19,78,0,0.252,0.301,'C')
,(146,'Sam','Hilliard',14,2021,27,'COL','NL',81,238,214,32,46,34,23,87,5,0.215,0.294,'LF')
,(147,'Ryan','Jeffers',14,2021,24,'MIN','AL',85,293,267,28,53,35,22,108,0,0.199,0.27,'C')
,(148,'Jarred','Kelenic',14,2021,21,'SEA','AL',93,377,337,41,61,43,36,106,6,0.181,0.265,'CF')
,(149,'Ramon','Laureano',14,2021,26,'OAK','AL',88,378,341,43,84,39,27,98,12,0.246,0.318,'CF')
,(150,'Jed','Lowrie',14,2021,37,'OAK','AL',139,512,457,55,112,69,49,108,0,0.245,0.318,'2B')
,(151,'Ketel','Marte',14,2021,27,'ARI','NL',90,374,340,52,108,50,31,60,2,0.318,0.377,'2B')
,(152,'Chas','McCormick',14,2021,26,'HOU','AL',108,320,284,47,73,50,25,104,4,0.257,0.319,'RF')
,(153,'Yoan','Moncada',14,2021,26,'CHW','AL',144,616,520,74,137,61,84,157,3,0.264,0.375,'3B')
,(154,'Eddie','Rosario',14,2021,29,'ATL','NL',111,412,379,42,98,62,26,61,11,0.259,0.305,'LF')
,(155,'Jesus','Sanchez',14,2021,23,'MIA','NL',64,251,227,27,57,36,20,78,0,0.251,0.319,'RF')
,(156,'Frank','Schwindel',14,2021,29,'CHC','NL',64,259,242,44,79,43,16,41,2,0.326,0.371,'1B')
,(157,'Jean','Segura',14,2021,31,'PHI','NL',131,567,514,76,149,58,39,78,9,0.29,0.348,'2B')
,(158,'Gio','Urshela',14,2021,29,'NYY','AL',116,442,420,42,112,49,20,109,1,0.267,0.301,'3B')
,(159,'Kolten','Wong',14,2021,30,'MIL','NL',116,492,445,70,121,50,31,83,12,0.272,0.335,'2B')
,(160,'Ryan','Zimmerman',14,2021,36,'WSN','NL',110,273,255,27,62,46,16,77,0,0.243,0.286,'1B')
,(161,'Akil','Baddoo',13,2021,22,'DET','AL',124,461,413,60,107,55,45,122,18,0.259,0.33,'LF')
,(162,'Charlie','Blackmon',13,2021,34,'COL','NL',150,582,514,76,139,78,54,91,3,0.27,0.351,'RF')
,(163,'Yandy','Díaz',13,2021,29,'TBR','AL',134,541,465,62,119,64,69,85,1,0.256,0.353,'2B')
,(164,'Alex','Dickerson',13,2021,31,'SFG','NL',111,312,283,37,66,38,23,76,1,0.233,0.305,'LF')
,(165,'Mitch','Garver',13,2021,30,'MIN','AL',68,243,207,29,53,34,31,71,1,0.256,0.358,'C')
,(166,'Didi','Gregorius',13,2021,31,'PHI','NL',103,408,368,35,77,54,25,67,3,0.209,0.27,'SS')
,(167,'Odubel','Herrera',13,2021,29,'PHI','NL',124,492,450,59,117,51,29,77,6,0.26,0.31,'CF')
,(168,'Carson','Kelly',13,2021,26,'ARI','NL',98,359,304,41,73,46,44,74,0,0.24,0.343,'C')
,(169,'Evan','Longoria',13,2021,35,'SFG','NL',81,291,253,45,66,46,35,68,1,0.261,0.351,'3B')
,(170,'DJ','Peters',13,2021,25,'TEX','AL',70,240,223,29,44,38,12,82,2,0.197,0.242,'DH')
,(171,'Brett','Phillips',13,2021,27,'TBR','AL',118,292,253,50,52,44,33,113,14,0.206,0.3,'CF')
,(172,'Manny','Pina',13,2021,34,'MIL','NL',75,208,180,27,34,33,22,38,0,0.189,0.293,'C')
,(173,'Luis','Robert',13,2021,23,'CHW','AL',68,296,275,42,93,43,14,61,6,0.338,0.378,'CF')
,(174,'Max','Stassi',13,2021,30,'LAA','AL',87,319,282,45,68,35,28,101,0,0.241,0.326,'C')
,(175,'Alex','Verdugo',13,2021,25,'BOS','AL',146,604,544,88,157,63,51,96,6,0.289,0.351,'LF')
,(176,'Alex','Bregman',12,2021,27,'HOU','AL',91,400,348,54,94,55,44,53,1,0.27,0.355,'3B')
,(177,'Eric','Hosmer',12,2021,31,'SDP','NL',151,565,509,53,137,65,48,99,5,0.269,0.337,'1B')
,(178,'Martin','Maldonado',12,2021,34,'HOU','AL',125,426,373,40,64,36,47,127,0,0.172,0.272,'C')
,(179,'Starling','Marte',12,2021,32,'OAK','AL',120,526,467,89,145,55,43,99,47,0.311,0.383,'CF')
,(180,'Dylan','Moore',12,2021,28,'SEA','AL',126,377,332,42,60,43,40,111,21,0.181,0.276,'2B')
,(181,'Austin','Slater',12,2021,28,'SFG','NL',129,306,274,39,66,32,28,84,15,0.241,0.32,'LF')
,(182,'DJ','Stewart',12,2021,27,'BAL','AL',100,318,270,39,55,33,44,89,0,0.204,0.324,'RF')
,(183,'Michael','Taylor',12,2021,30,'KCR','AL',142,528,483,58,118,54,33,144,14,0.244,0.297,'CF')
,(184,'Tyrone','Taylor',12,2021,27,'MIL','NL',93,271,243,33,60,43,20,59,6,0.247,0.321,'RF')
,(185,'Ji-Man','Choi',11,2021,30,'TBR','AL',83,305,258,36,59,45,45,87,0,0.229,0.348,'1B')
,(186,'Tommy','Edman',11,2021,26,'STL','NL',159,691,641,91,168,56,38,95,30,0.262,0.308,'2B')
,(187,'Maikel','Franco',11,2021,28,'BAL','AL',104,403,377,31,79,47,20,67,0,0.21,0.253,'3B')
,(188,'Garrett','Hampson',11,2021,26,'COL','NL',147,494,453,69,106,33,33,118,17,0.234,0.289,'CF')
,(189,'Danny','Jansen',11,2021,26,'TOR','AL',70,205,184,32,41,28,17,44,0,0.223,0.299,'C')
,(190,'Jordan','Luplow',11,2021,27,'TBR','AL',61,193,163,23,33,28,28,57,1,0.203,0.326,'2B')
,(191,'Yadier','Molina',11,2021,38,'STL','NL',121,473,440,45,111,66,24,79,3,0.252,0.297,'C')
,(192,'Tom','Murphy',11,2021,30,'SEA','AL',97,325,277,35,56,34,40,99,0,0.202,0.304,'C')
,(193,'Omar','Narvaez',11,2021,29,'MIL','NL',123,445,391,54,104,49,41,84,0,0.266,0.342,'2B')
,(194,'Rafael','Ortega',11,2021,30,'CHC','NL',103,330,296,44,86,33,30,70,12,0.291,0.36,'CF')
,(195,'Gregory','Polanco',11,2021,29,'PIT','NL',107,382,336,38,70,36,36,104,14,0.208,0.283,'RF')
,(196,'Josh','Rojas',11,2021,27,'ARI','NL',139,550,484,69,128,44,58,137,9,0.265,0.341,'2B')
,(197,'Amed','Rosario',11,2021,25,'CLE','AL',141,588,550,77,155,57,31,120,13,0.282,0.321,'SS')
,(198,'Pedro','Severino',11,2021,27,'BAL','AL',113,419,379,32,94,46,34,109,0,0.248,0.308,'C')
,(199,'Gavin','Sheets',11,2021,25,'CHW','AL',54,179,160,23,40,34,16,40,0,0.25,0.324,'DH')
,(200,'Dominic','Smith',11,2021,26,'NYM','NL',145,493,446,43,109,58,32,112,2,0.244,0.304,'LF')
,(201,'Pavin','Smith',11,2021,25,'ARI','NL',145,545,498,68,133,49,42,106,1,0.267,0.328,'LF')
,(202,'Nick','Solak',11,2021,26,'TEX','AL',127,511,458,57,111,49,34,107,7,0.242,0.314,'2B')
,(203,'Rowdy','Tellez',11,2021,26,'MIL','NL',106,325,297,34,72,36,23,65,0,0.242,0.305,'1B')
,(204,'Abraham','Toro',11,2021,24,'SEA','AL',95,375,335,45,80,46,31,54,6,0.239,0.315,'2B')
,(205,'Daulton','Varsho',11,2021,24,'ARI','NL',95,315,284,41,70,38,30,67,6,0.247,0.319,'LF')
,(206,'Luke','Voit',11,2021,30,'NYY','AL',68,241,213,26,51,35,21,74,0,0.239,0.328,'1B')
,(207,'Joey','Wendle',11,2021,31,'TBR','AL',136,501,460,73,122,54,28,113,8,0.265,0.319,'3B')
,(208,'Aristides','Aquino',10,2021,27,'CIN','NL',84,204,174,25,33,23,27,75,2,0.19,0.299,'LF')
,(209,'Cody','Bellinger',10,2021,25,'LAD','NL',95,350,315,39,52,36,31,94,3,0.165,0.24,'CF')
,(210,'Brett','Gardner',10,2021,37,'NYY','AL',140,461,387,47,86,39,60,100,4,0.222,0.327,'LF')
,(211,'Austin','Hedges',10,2021,28,'CLE','AL',88,312,286,32,51,31,15,87,1,0.178,0.22,'C')
,(212,'Jonah','Heim',10,2021,26,'TEX','AL',82,285,265,22,52,32,15,58,3,0.196,0.239,'C')
,(213,'Kyle','Higashioka',10,2021,31,'NYY','AL',67,211,193,20,35,29,17,59,0,0.181,0.246,'C')
,(214,'Eloy','Jimenez',10,2021,24,'CHW','AL',55,231,213,23,53,37,16,57,0,0.249,0.303,'DH')
,(215,'DJ','LeMahieu',10,2021,32,'NYY','AL',150,679,597,84,160,57,73,94,4,0.268,0.349,'2B')
,(216,'Manuel','Margot',10,2021,26,'TBR','AL',125,464,421,55,107,57,37,70,13,0.254,0.313,'LF')
,(217,'Jack','Mayfield',10,2021,30,'SEA','AL',86,290,266,30,58,39,17,68,5,0.218,0.272,'2B')
,(218,'James','McCann',10,2021,31,'NYM','NL',121,412,375,29,87,46,32,115,1,0.232,0.294,'C')
,(219,'Whit','Merrifield',10,2021,32,'KCR','AL',162,720,664,97,184,74,40,103,40,0.277,0.317,'2B')
,(220,'Colin','Moran',10,2021,28,'PIT','NL',99,359,318,29,82,50,36,87,1,0.258,0.334,'1B')
,(221,'Mitch','Moreland',10,2021,35,'OAK','AL',81,252,229,28,52,30,18,58,0,0.227,0.286,'DH')
,(222,'Dom','Nunez',10,2021,26,'COL','NL',81,263,228,31,43,33,34,91,0,0.189,0.293,'C')
,(223,'Tyler','Stephenson',10,2021,24,'CIN','NL',132,402,350,56,100,45,41,75,0,0.286,0.366,'LF')
,(224,'Christian','Walker',10,2021,30,'ARI','NL',115,445,401,55,98,46,38,106,0,0.244,0.315,'1B')
,(225,'Lewis','Brinson',9,2021,27,'MIA','NL',89,290,274,24,62,33,13,72,1,0.226,0.263,'CF')
,(226,'Willi','Castro',9,2021,24,'DET','AL',125,450,413,56,91,38,23,109,9,0.22,0.273,'2B')
,(227,'Yu','Chang',9,2021,25,'CLE','AL',89,251,237,32,54,39,11,69,1,0.228,0.267,'2B')
,(228,'Garrett','Cooper',9,2021,30,'MIA','NL',71,250,215,30,61,33,30,68,1,0.284,0.38,'RF')
,(229,'J.P.','Crawford',9,2021,26,'SEA','AL',160,687,619,89,169,54,58,114,3,0.273,0.338,'SS')
,(230,'Jake','Fraley',9,2021,26,'SEA','AL',78,265,214,27,45,36,46,71,10,0.21,0.352,'LF')
,(231,'Niko','Goodrum',9,2021,29,'DET','AL',90,325,290,39,62,33,29,107,14,0.214,0.292,'SS')
,(232,'Yadiel','Hernández',9,2021,33,'WSN','NL',112,289,264,33,72,32,22,59,3,0.273,0.329,'LF')
,(233,'José','Iglesias',9,2021,31,'BOS','AL',137,511,483,65,131,48,21,75,5,0.271,0.309,'2B')
,(234,'Billy','McKinney',9,2021,26,'LAD','NL',116,300,265,32,51,27,32,79,2,0.193,0.28,'RF')
,(235,'Ryan','O''Hearn',9,2021,27,'KCR','AL',84,254,236,23,53,29,13,71,0,0.225,0.268,'LF')
,(236,'Miguel','Rojas',9,2021,32,'MIA','NL',132,539,495,66,131,48,37,74,13,0.265,0.322,'SS')
,(237,'Brent','Rooker',9,2021,26,'MIN','AL',58,213,189,25,38,16,15,70,0,0.201,0.291,'LF')
,(238,'Travis','Shaw',9,2021,31,'BOS','AL',84,250,220,20,44,39,24,68,0,0.2,0.286,'3B')
,(239,'Gleyber','Torres',9,2021,24,'NYY','AL',127,516,459,50,119,51,50,104,14,0.259,0.331,'2B')
,(240,'Daniel','Vogelbach',9,2021,28,'MIL','NL',93,258,215,30,47,24,43,57,0,0.219,0.349,'1B')
,(241,'Christian','Yelich',9,2021,29,'MIL','NL',117,475,399,70,99,51,70,113,9,0.248,0.362,'LF')
,(242,'David','Bote',8,2021,28,'CHC','NL',97,327,291,32,58,35,27,73,0,0.199,0.276,'2B')
,(243,'Michael','Brantley',8,2021,34,'HOU','AL',121,508,469,68,146,47,33,53,1,0.311,0.362,'LF')
,(244,'Lorenzo','Cain',8,2021,35,'MIL','NL',78,286,257,40,66,36,26,48,13,0.257,0.329,'CF')
,(245,'Jason','Castro',8,2021,34,'HOU','AL',66,179,149,22,35,21,25,54,0,0.235,0.356,'C')
,(246,'William','Contreras',8,2021,23,'ATL','NL',52,185,163,19,35,23,19,54,0,0.215,0.303,'C')
,(247,'Aledmys','Díaz',8,2021,30,'HOU','AL',84,319,294,28,76,45,16,62,0,0.259,0.317,'3B')
,(248,'Lewin','Diaz',8,2021,24,'MIA','NL',40,128,122,16,25,13,6,33,0,0.205,0.242,'1B')
,(249,'Steven','Duggar',8,2021,27,'SFG','NL',107,297,268,45,69,35,27,88,7,0.258,0.33,'LF')
,(250,'Ben','Gamel',8,2021,29,'PIT','NL',122,400,340,43,84,26,51,105,3,0.247,0.347,'LF')
,(251,'Brian','Goodwin',8,2021,30,'CHW','AL',72,271,235,33,52,29,33,58,1,0.221,0.319,'LF')
,(252,'Josh','Harrison',8,2021,33,'OAK','AL',138,558,505,58,141,60,31,75,9,0.279,0.341,'2B')
,(253,'Jason','Heyward',8,2021,31,'CHC','NL',104,353,323,35,69,30,27,68,5,0.214,0.281,'RF')
,(254,'Connor','Joe',8,2021,28,'COL','NL',63,211,179,23,51,35,26,41,0,0.285,0.379,'PH LF')
,(255,'Tony','Kemp',8,2021,29,'OAK','AL',131,397,330,54,92,37,52,51,8,0.279,0.382,'2B')
,(256,'Ha-Seong','Kim',8,2021,25,'SDP','NL',117,298,267,27,54,34,22,71,6,0.202,0.27,'2B')
,(257,'Isiah','Kiner-Falefa',8,2021,26,'TEX','AL',158,677,635,74,172,53,28,90,20,0.271,0.312,'SS')
,(258,'Alex','Kirilloff',8,2021,23,'MIN','AL',59,231,215,23,54,34,14,52,1,0.251,0.299,'LF')
,(259,'Alejandro','Kirk',8,2021,22,'TOR','AL',60,189,165,19,40,24,19,22,0,0.242,0.328,'DH')
,(260,'Brandon','Nimmo',8,2021,28,'NYM','NL',92,386,325,51,95,28,54,79,5,0.292,0.401,'CF')
,(261,'David','Peralta',8,2021,33,'ARI','NL',150,538,487,57,126,63,46,92,2,0.259,0.325,'LF')
,(262,'Wilson','Ramos',8,2021,33,'CLE','AL',44,163,151,15,31,20,9,36,0,0.205,0.248,'C')
,(263,'Jacob','Stallings',8,2021,31,'PIT','NL',112,427,374,38,92,53,49,85,0,0.246,0.335,'C')
,(264,'Taylor','Trammell',8,2021,23,'SEA','AL',51,178,156,23,25,18,17,75,2,0.16,0.256,'CF')
,(265,'Mike','Trout',8,2021,29,'LAA','AL',36,146,117,23,39,18,27,41,2,0.333,0.466,'CF')
,(266,'Yoshi','Tsutsugo',8,2021,29,'PIT','NL',81,262,230,27,50,32,29,72,0,0.217,0.307,'LF')
,(267,'Taylor','Ward',8,2021,27,'LAA','AL',65,237,208,33,52,33,20,55,1,0.25,0.332,'LF')
,(268,'Bradley','Zimmer',8,2021,28,'CLE','AL',99,348,299,44,68,35,30,122,15,0.227,0.325,'LF')
,(269,'Brian','Anderson',7,2021,28,'MIA','NL',67,264,233,24,58,28,26,65,5,0.249,0.337,'3B')
,(270,'Willians','Astudillo',7,2021,29,'MIN','AL',72,216,208,17,49,21,3,12,0,0.236,0.259,'2B')
,(271,'Tucker','Barnhart',7,2021,30,'CIN','NL',116,388,348,41,86,48,29,100,0,0.247,0.317,'C')
,(272,'Matt','Beaty',7,2021,28,'LAD','NL',120,234,204,35,55,40,20,44,2,0.27,0.363,'LF')
,(273,'Cavan','Biggio',7,2021,26,'TOR','AL',79,294,250,27,56,27,37,78,3,0.224,0.322,'2B')
,(274,'Alec','Bohm',7,2021,24,'PHI','NL',115,417,380,46,94,47,31,111,4,0.247,0.305,'3B')
,(275,'Asdrubal','Cabrera',7,2021,35,'CIN','NL',110,352,309,34,71,42,36,80,1,0.23,0.313,'3B')
,(276,'Victor','Caratini',7,2021,27,'SDP','NL',116,356,313,33,71,39,35,82,2,0.227,0.309,'C')
,(277,'Travis','d''Arnaud',7,2021,32,'ATL','NL',60,229,209,21,46,26,17,53,0,0.22,0.284,'C')
,(278,'Adam','Engel',7,2021,29,'CHW','AL',39,140,123,21,31,18,11,31,7,0.252,0.336,'LF')
,(279,'Thairo','Estrada',7,2021,25,'SFG','NL',52,132,121,19,33,22,9,23,1,0.273,0.333,'2B')
,(280,'Wander','Franco',7,2021,20,'TBR','AL',70,308,281,53,81,39,24,37,2,0.288,0.347,'2B')
,(281,'Joshua','Fuentes',7,2021,28,'COL','NL',95,284,271,30,61,33,12,65,0,0.225,0.257,'LF')
,(282,'Phil','Gosselin',7,2021,32,'LAA','AL',104,373,345,40,90,47,24,81,4,0.261,0.314,'2B')
,(283,'Andy','Ibáñez',7,2021,28,'TEX','AL',76,272,253,31,70,25,15,35,0,0.277,0.321,'2B')
,(284,'Jake','Lamb',7,2021,30,'TOR','AL',55,170,144,25,28,19,22,51,0,0.194,0.306,'LF')
,(285,'Trevor','Larnach',7,2021,24,'MIN','AL',79,301,260,29,58,28,31,104,1,0.223,0.322,'LF')
,(286,'Tommy','LaStella',7,2021,32,'SFG','NL',76,242,220,26,55,27,18,26,0,0.25,0.308,'2B')
,(287,'Gavin','Lux',7,2021,23,'LAD','NL',102,381,335,49,81,46,41,83,4,0.242,0.328,'SS')
,(288,'Zach','McKinstry',7,2021,26,'LAD','NL',60,172,158,19,34,29,10,50,1,0.215,0.263,'2B')
,(289,'Jeff','McNeil',7,2021,29,'NYM','NL',120,426,386,48,97,35,29,58,3,0.251,0.319,'2B')
,(290,'Yermin','Mercedes',7,2021,28,'CHW','AL',68,262,240,26,65,37,20,46,0,0.271,0.328,'C')
,(291,'Josh','Naylor',7,2021,24,'CLE','AL',69,250,233,28,59,21,14,45,1,0.253,0.301,'1B')
,(292,'Marcell','Ozuna',7,2021,30,'ATL','NL',48,208,188,21,40,26,19,46,0,0.213,0.289,'LF')
,(293,'Michael','Perez',7,2021,28,'PIT','NL',70,231,210,19,30,21,19,68,0,0.143,0.221,'C')
,(294,'Roberto','Perez',7,2021,32,'CLE','AL',44,161,141,13,21,17,17,56,1,0.149,0.245,'C')
,(295,'Harold','Ramirez',7,2021,26,'CLE','AL',99,361,339,33,91,41,14,56,3,0.268,0.305,'RF')
,(296,'Donovan','Solano',7,2021,33,'SFG','NL',101,344,307,35,86,31,25,58,2,0.28,0.344,'2B')
,(297,'Lane','Thomas',7,2021,25,'WSN','NL',77,264,226,35,53,28,37,63,6,0.235,0.341,'2B')
,(298,'Ronald','Torreyes',7,2021,28,'PHI','NL',111,344,318,30,77,41,19,41,2,0.242,0.286,'2B')
,(299,'Ramon','Urias',7,2021,27,'BAL','AL',85,296,262,33,73,38,28,76,1,0.279,0.362,'2B')
,(300,'Stephen','Vogt',7,2021,36,'ATL','NL',78,238,210,24,41,25,26,56,0,0.195,0.283,'C');



-- -----------------------------------------------------
-- Insert into Best Player Batting
-- -----------------------------------------------------

INSERT INTO `baseballdatabase`.`bestplayerbatting`
(`Rank`,
`FirstName`,
`LastName`,
`Date`,
`TeamAbrv`,
`Opponent`,
`Result`,
`AtBats`,
`Runs`,
`Hits`,
`Homeruns`,
`RBI`)
VALUES
 (1,'Brandon','Lowe','2021-10-02','TBR','NYY','W 12-2',5,3,3,3,7)
,(2,'Francisco','Lindor','2021-09-12','NYM','NYY','W 7-6',4,3,3,3,5)
,(3,'Rafael','Ortega','2021-08-01','CHC','WSN','L 5-6',4,3,4,3,5)
,(4,'Seby','Zavala','2021-07-31','CHW','CLE','L 11-12',4,4,4,3,6)
,(5,'Brad','Miller','2021-07-08','PHI','CHC','W 8-0',5,3,3,3,5)
,(6,'Fernando','Tatis','2021-06-25','SDP','ARI','W 11-5',5,4,4,3,4)
,(7,'Kyle','Schwarber','2021-06-20','WSN','NYM','W 5-2',4,3,3,3,4)
,(8,'Ryan','Mountcastle','2021-06-19','BAL','TOR','L 7-10',4,3,4,3,4)
,(9,'Jesse','Winker','2021-06-06','CIN','STL','W 8-7',4,3,3,3,6)
,(10,'Jesse','Winker','2021-05-21','CIN','MIL','W 9-4',4,4,4,3,3)
,(11,'Miguel','Sano','2021-05-18','MIN','CHW','W 5-4',4,3,3,3,4)
,(12,'Vladimir','Guerrero','2021-04-27','TOR','WSN','W 9-5',4,3,3,3,7)
,(13,'J.D.','Martinez','2021-04-11','BOS','BAL','W 14-9',6,4,4,3,4)
,(14,'Ryan','McMahon','2021-04-06','COL','ARI','L 8-10',6,3,4,3,4)
,(15,'Rafael','Devers','2021-10-03','BOS','WSN','W 7-5',5,3,4,2,4)
,(16,'Seth','Brown','2021-10-03','OAK','HOU','L 6-7',4,2,2,2,3)
,(17,'George','Springer','2021-10-03','TOR','BAL','W 12-4',4,3,3,2,5)
,(18,'Trea','Turner','2021-10-01','LAD','MIL','W 8-6',3,2,2,2,5)
,(19,'Tyler','O''Neill','2021-10-01','STL','CHC','W 4-3',4,3,3,2,2)
,(20,'Brandon','Nimmo','2021-10-01','NYM','ATL','W 4-3',4,2,2,2,2)
,(21,'Aaron','Judge','2021-09-30','NYY','TOR','W 6-2',3,2,2,2,2)
,(22,'Corey','Seager','2021-09-30','LAD','SDP','W 8-3',4,2,3,2,2)
,(23,'Niko','Goodrum','2021-09-30','DET','MIN','W 10-7',3,2,2,2,4)
,(24,'Byron','Buxton','2021-09-30','MIN','DET','L 7-10',5,3,3,2,2)
,(25,'Dylan','Carlson','2021-09-30','STL','MIL','W 4-3',3,2,2,2,3)
,(26,'Pete','Alonso','2021-09-30','NYM','MIA','W 12-3',5,2,2,2,3)
,(27,'Bo','Bichette','2021-09-29','TOR','NYY','W 6-5',4,2,3,2,2)
,(28,'AJ','Pollock','2021-09-29','LAD','SDP','W 11-9',4,2,2,2,3)
,(29,'Luis','Robert','2021-09-28','CHW','CIN','W 7-1',4,2,2,2,3)
,(30,'Joey','Votto','2021-09-27','CIN','PIT','W 13-1',4,2,2,2,4)
,(31,'Mitch','Haniger','2021-09-27','SEA','OAK','W 13-4',5,2,2,2,6)
,(32,'Corey','Seager','2021-09-26','LAD','ARI','W 3-0',4,2,2,2,2)
,(33,'Trea','Turner','2021-09-25','LAD','ARI','L 2-7',4,2,2,2,2)
,(34,'Brandon','Belt','2021-09-25','SFG','COL','W 7-2',5,2,3,2,4)
,(35,'Lars','Nootbaar','2021-09-24','STL','CHC','W 12-4',4,2,3,2,3)
,(36,'Tim','Anderson','2021-09-23','CHW','CLE','W 7-2',4,2,3,2,4)
,(37,'Juan','Soto','2021-09-23','WSN','CIN','W 3-2',3,2,3,2,2)
,(38,'Tyrone','Taylor','2021-09-23','MIL','STL','L 5-8',4,2,2,2,5)
,(39,'Paul','Goldschmidt','2021-09-23','STL','MIL','W 8-5',5,2,3,2,3)
,(40,'Max','Kepler','2021-09-22','MIN','CHC','W 5-4',4,3,3,2,3)
,(41,'Kyle','Schwarber','2021-09-22','BOS','NYM','W 12-5',4,4,3,2,4)
,(42,'Manny','Machado','2021-09-21','SDP','SFG','L 5-6',5,2,3,2,2)
,(43,'Jazz','Chisholm','2021-09-20','MIA','WSN','W 8-7',4,3,2,2,3)
,(44,'Joey','Votto','2021-09-20','CIN','PIT','W 9-5',3,2,3,2,3)
,(45,'Jean','Segura','2021-09-18','PHI','NYM','W 5-3',5,2,2,2,2)
,(46,'Manny','Pina','2021-09-18','MIL','CHC','W 6-4',3,2,2,2,2)
,(47,'Jarred','Kelenic','2021-09-17','SEA','KCR','W 6-2',4,2,2,2,4)
,(48,'Joey','Gallo','2021-09-17','NYY','CLE','W 8-0',4,3,3,2,2)
,(49,'Dylan','Carlson','2021-09-17','STL','SDP','W 8-2',4,2,2,2,5)
,(50,'Jesus','Sanchez','2021-09-15','MIA','WSN','W 8-6',4,2,2,2,4)
,(51,'Austin','Hays','2021-09-15','BAL','NYY','L 3-4',4,2,2,2,3)
,(52,'Lewin','Diaz','2021-09-14','MIA','WSN','L 2-8',4,2,2,2,2)
,(53,'Yordan','Álvarez','2021-09-13','HOU','TEX','W 15-1',5,4,2,2,3)
,(54,'Jose','Siri','2021-09-13','HOU','TEX','W 15-1',5,3,4,2,5)
,(55,'Kolten','Wong','2021-09-12','MIL','CLE','W 11-1',5,2,3,2,2)
,(56,'Lourdes','Gurriel','2021-09-12','TOR','BAL','W 22-7',3,5,2,2,7)
,(57,'Garrett','Hampson','2021-09-12','COL','PHI','W 5-4',4,2,3,2,5)
,(58,'Avisail','Garcia','2021-09-12','MIL','CLE','W 11-1',5,2,2,2,3)
,(59,'Jeimer','Candelario','2021-09-12','DET','TBR','W 8-7',5,2,2,2,3)
,(60,'Austin','Hays','2021-09-11','BAL','TOR','L 10-11',5,2,2,2,3)
,(61,'Jorge','Polanco','2021-09-11','MIN','KCR','W 9-2',5,2,3,2,3)
,(62,'Aaron','Judge','2021-09-11','NYY','NYM','W 8-7',4,2,2,2,3)
,(63,'Tom','Murphy','2021-09-10','SEA','ARI','W 5-4',3,2,2,2,3)
,(64,'Eduardo','Escobar','2021-09-10','MIL','CLE','W 10-3',5,2,2,2,2)
,(65,'Andrew','Benintendi','2021-09-10','KCR','MIN','W 6-4',5,3,4,2,5)
,(66,'Stephen','Vogt','2021-09-09','ATL','WSN','W 7-6',2,2,2,2,2)
,(67,'Mike','Zunino','2021-09-07','TBR','BOS','W 12-7',4,2,3,2,4)
,(68,'Justin','Turner','2021-09-07','LAD','STL','W 7-2',5,2,2,2,3)
,(69,'Pete','Alonso','2021-09-07','NYM','MIA','W 9-4',4,2,2,2,3)
,(70,'Nelson','Cruz','2021-09-07','TBR','BOS','W 12-7',5,3,4,2,4)
,(71,'Bobby','Dalbec','2021-09-07','BOS','TBR','L 7-12',2,2,2,2,4)
,(72,'Alejandro','Kirk','2021-09-07','TOR','NYY','W 5-1',4,3,3,2,2)
,(73,'Brad','Miller','2021-09-06','PHI','MIL','W 12-0',5,3,3,2,2)
,(74,'Marcus','Semien','2021-09-06','TOR','NYY','W 8-0',5,2,2,2,5)
,(75,'Thairo','Estrada','2021-09-06','SFG','COL','W 10-5',5,2,3,2,3)
,(76,'Matt','Duffy','2021-09-05','CHC','PIT','W 11-8',5,2,3,2,5)
,(77,'Jo','Adell','2021-09-05','LAA','TEX','L 3-7',3,2,3,2,3)
,(78,'DJ','Peters','2021-09-05','TEX','LAA','W 7-3',5,2,4,2,4)
,(79,'Gary','Sanchez','2021-09-05','NYY','BAL','L 7-8',4,2,2,2,6)
,(80,'Kyle','Seager','2021-09-04','SEA','ARI','W 8-5',5,2,2,2,6)
,(81,'Salvador','Perez','2021-09-04','KCR','CHW','L 7-10',4,2,2,2,5)
,(82,'Dustin','Garneau','2021-09-03','DET','CIN','W 15-5',5,2,2,2,3)
,(83,'Anthony','Alford','2021-09-03','PIT','CHC','L 5-6',4,2,2,2,3)
,(84,'Nolan','Arenado','2021-09-03','STL','MIL','W 15-4',5,2,2,2,3)
,(85,'Nick','Castellanos','2021-09-01','CIN','STL','W 12-2',3,3,2,2,6)
,(86,'Paul','Goldschmidt','2021-09-01','STL','CIN','W 5-4',2,2,2,2,3)
,(87,'Gavin','Sheets','2021-09-01','CHW','PIT','W 6-3',3,2,2,2,4)
,(88,'Amed','Rosario','2021-08-31','CLE','KCR','W 7-2',5,2,5,2,5)
,(89,'Matt','Chapman','2021-08-31','OAK','DET','W 9-3',5,2,2,2,3)
,(90,'Vladimir','Guerrero','2021-08-30','TOR','BAL','W 7-3',4,2,2,2,4)
,(91,'Trevor','Story','2021-08-30','COL','TEX','L 3-4',4,2,2,2,3)
,(92,'Luis','Robert','2021-08-29','CHW','CHC','W 13-1',4,3,2,2,3)
,(93,'Joey','Wendle','2021-08-29','TBR','BAL','W 12-8',4,2,3,2,6)
,(94,'Josh','Bell','2021-08-29','WSN','NYM','L 4-9',4,2,2,2,3)
,(95,'Rafael','Devers','2021-08-29','BOS','CLE','L 5-7',5,2,2,2,2)
,(96,'Patrick','Wisdom','2021-08-28','CHC','CHW','W 7-0',4,2,2,2,2)
,(97,'Kevin','Pillar','2021-08-28','NYM','WSN','W 5-3',3,3,2,2,2)
,(98,'Patrick','Wisdom','2021-08-27','CHC','CHW','L 13-17',4,3,2,2,4)
,(99,'Yasmani','Grandal','2021-08-27','CHW','CHC','W 17-13',6,2,4,2,8)
,(100,'Marcus','Semien','2021-08-26','TOR','CHW','L 7-10',5,2,3,2,4)
,(101,'Bobby','Dalbec','2021-08-26','BOS','MIN','W 12-2',4,3,3,2,7)
,(102,'Paul','Goldschmidt','2021-08-25','STL','DET','W 3-2',4,3,2,2,2)
,(103,'Brandon','Belt','2021-08-24','SFG','NYM','W 8-0',5,2,4,2,3)
,(104,'Ryan','Mountcastle','2021-08-24','BAL','LAA','L 8-14',5,2,2,2,2)
,(105,'Hunter','Renfroe','2021-08-24','BOS','MIN','W 11-9',4,2,2,2,5)
,(106,'Rhys','Hoskins','2021-08-22','PHI','SDP','W 7-4',3,2,2,2,2)
,(107,'Tyler','Naquin','2021-08-22','CIN','MIA','W 3-1',4,2,2,2,2)
,(108,'Anthony','Santander','2021-08-21','BAL','ATL','L 4-5',4,2,2,2,2)
,(109,'Christian','Yelich','2021-08-21','MIL','WSN','W 9-6',5,3,3,2,6)
,(110,'Salvador','Perez','2021-08-20','KCR','CHC','W 6-2',3,2,2,2,2)
,(111,'Max','Muncy','2021-08-18','LAD','PIT','W 9-0',3,3,2,2,5)
,(112,'Wil','Myers','2021-08-18','SDP','COL','L 5-7',4,2,2,2,3)
,(113,'Marcus','Semien','2021-08-18','TOR','WSN','L 5-8',5,2,2,2,2)
,(114,'Avisail','Garcia','2021-08-18','MIL','STL','W 6-4',4,2,2,2,2)
,(115,'Nelson','Cruz','2021-08-17','TBR','BAL','W 10-0',4,2,2,2,5)
,(116,'Kris','Bryant','2021-08-16','SFG','NYM','W 7-5',4,2,2,2,3)
,(117,'Brandon','Lowe','2021-08-16','TBR','BAL','W 9-2',4,2,3,2,3)
,(118,'Max','Muncy','2021-08-15','LAD','NYM','W 14-4',4,3,2,2,4)
,(119,'DJ','Peters','2021-08-15','TEX','OAK','W 7-4',4,2,2,2,4)
,(120,'Fernando','Tatis','2021-08-15','SDP','ARI','W 8-2',5,3,4,2,4)
,(121,'Dansby','Swanson','2021-08-14','ATL','WSN','W 12-2',5,2,3,2,6)
,(122,'Bobby','Dalbec','2021-08-14','BOS','BAL','W 16-2',4,2,2,2,3)
,(123,'Matt','Chapman','2021-08-14','OAK','TEX','W 8-3',4,2,2,2,2)
,(124,'Joey','Gallo','2021-08-14','NYY','CHW','W 7-5',4,2,2,2,3)
,(125,'Jake','Meyers','2021-08-14','HOU','LAA','W 8-2',4,2,2,2,5)
,(126,'Ernie','Clement','2021-08-13','CLE','DET','W 7-4',4,2,2,2,2)
,(127,'Colin','Moran','2021-08-12','PIT','STL','L 6-7',4,2,2,2,4)
,(128,'Mitch','Moreland','2021-08-12','OAK','CLE','W 17-0',5,3,2,2,2)
,(129,'Aaron','Judge','2021-08-12','NYY','CHW','L 8-9',4,2,2,2,5)
,(130,'DJ','Stewart','2021-08-12','BAL','DET','L 4-6',4,2,2,2,2)
,(131,'Manny','Pina','2021-08-12','MIL','CHC','W 17-4',6,3,3,2,6)
,(132,'Luis','Urias','2021-08-12','MIL','CHC','W 17-4',6,5,5,2,5)
,(133,'Joey','Votto','2021-08-11','CIN','ATL','L 6-8',5,2,4,2,4)
,(134,'George','Springer','2021-08-11','TOR','LAA','W 10-2',4,3,2,2,2)
,(135,'Lewis','Brinson','2021-08-11','MIA','SDP','W 7-0',4,2,3,2,3)
,(136,'Cody','Bellinger','2021-08-11','LAD','PHI','W 8-2',5,2,2,2,4)
,(137,'Salvador','Perez','2021-08-10','KCR','NYY','W 8-4',4,2,3,2,3)
,(138,'Anthony','Santander','2021-08-10','BAL','DET','L 4-9',4,2,2,2,2)
,(139,'Eloy','Jimenez','2021-08-09','CHW','MIN','W 11-1',4,2,2,2,5)
,(140,'Eloy','Jimenez','2021-08-08','CHW','CHC','W 9-3',4,2,3,2,5)
,(141,'C.J.','Cron','2021-08-08','COL','MIA','W 13-8',4,2,2,2,7)
,(142,'Connor','Joe','2021-08-08','COL','MIA','W 13-8',4,2,2,2,3)
,(143,'Brett','Phillips','2021-08-08','TBR','BAL','W 9-6',4,2,2,2,5)
,(144,'Jorge','Polanco','2021-08-08','MIN','HOU','W 7-5',4,2,2,2,4)
,(145,'Brandon','Belt','2021-08-07','SFG','MIL','W 9-6',5,3,2,2,3)
,(146,'Brad','Miller','2021-08-07','PHI','NYM','W 5-3',4,2,2,2,2)
,(147,'C.J.','Cron','2021-08-06','COL','MIA','W 14-2',3,4,2,2,4)
,(148,'Trevor','Story','2021-08-05','COL','CHC','W 6-5',4,2,2,2,3)
,(149,'Mookie','Betts','2021-08-04','LAD','HOU','W 7-5',5,2,2,2,2)
,(150,'Luis','Garcia','2021-08-04','WSN','PHI','L 5-9',4,2,2,2,2)
,(151,'Yadiel','Hernández','2021-08-01','WSN','CHC','W 6-5',5,2,4,2,3)
,(152,'Jonah','Heim','2021-07-31','TEX','SEA','W 5-4',4,2,2,2,4)
,(153,'Aledmys','Díaz','2021-07-31','HOU','SFG','L 6-8',4,2,2,2,3)
,(154,'George','Springer','2021-07-31','TOR','KCR','W 4-0',4,2,2,2,3)
,(155,'Dansby','Swanson','2021-07-31','ATL','MIL','W 8-1',4,2,3,2,7)
,(156,'Pedro','Severino','2021-07-30','BAL','DET','W 4-3',3,2,2,2,2)
,(157,'Jonathan','India','2021-07-30','CIN','NYM','W 6-2',4,3,3,2,3)
,(158,'Jose','Altuve','2021-07-30','HOU','SFG','W 9-6',6,3,3,2,5)
,(159,'Manny','Machado','2021-07-30','SDP','COL','L 4-9',4,2,4,2,4)
,(160,'Austin','Meadows','2021-07-29','TBR','NYY','W 14-0',5,3,3,2,5)
,(161,'Manny','Pina','2021-07-29','MIL','PIT','W 12-0',5,2,3,2,5)
,(162,'Miguel','Cabrera','2021-07-29','DET','BAL','W 6-2',3,2,3,2,2)
,(163,'Rodolfo','Castro','2021-07-28','PIT','MIL','L 3-7',4,2,2,2,3)
,(164,'Ryan','Jeffers','2021-07-28','MIN','DET','L 14-17',3,2,2,2,6)
,(165,'Joey','Votto','2021-07-28','CIN','CHC','W 8-2',3,2,2,2,3)
,(166,'Franmil','Reyes','2021-07-28','CLE','STL','W 7-2',3,2,3,2,2)
,(167,'Miguel','Sano','2021-07-28','MIN','DET','L 14-17',5,2,3,2,4)
,(168,'Joey','Votto','2021-07-27','CIN','CHC','W 7-4',4,2,2,2,2)
,(169,'Austin','Riley','2021-07-27','ATL','NYM','W 12-5',5,2,2,2,6)
,(170,'Jorge','Soler','2021-07-26','KCR','CHW','W 4-3',4,2,2,2,2)
,(171,'Jorge','Soler','2021-07-25','KCR','DET','W 6-1',4,2,3,2,2)
,(172,'Chris','Taylor','2021-07-25','LAD','COL','W 3-2',4,2,3,2,2)
,(173,'LaMonte','Wade','2021-07-25','SFG','PIT','W 6-1',5,2,3,2,2)
,(174,'Rowdy','Tellez','2021-07-24','MIL','CHW','W 6-1',4,2,3,2,3)
,(175,'Austin','Meadows','2021-07-24','TBR','CLE','W 8-2',5,2,2,2,4)
,(176,'Mitch','Haniger','2021-07-24','SEA','OAK','W 5-4',4,3,3,2,3)
,(177,'Teoscar','Hernandez','2021-07-24','TOR','NYM','W 10-3',4,2,2,2,4)
,(178,'Rafael','Devers','2021-07-23','BOS','NYY','W 6-2',4,2,2,2,5)
,(179,'Pat','Valaika','2021-07-23','BAL','WSN','W 6-1',3,2,2,2,2)
,(180,'Pete','Alonso','2021-07-23','NYM','TOR','W 3-0',4,2,2,2,3)
,(181,'Robinson','Chirinos','2021-07-23','CHC','ARI','W 8-3',4,2,3,2,2)
,(182,'Randy','Arozarena','2021-07-21','TBR','BAL','W 5-4',5,2,3,2,2)
,(183,'Jose','Altuve','2021-07-20','HOU','CLE','W 9-3',4,2,2,2,2)
,(184,'Chris','Taylor','2021-07-20','LAD','SFG','W 8-6',4,4,3,2,3)
,(185,'Mitch','Garver','2021-07-19','MIN','CHW','L 3-5',3,2,2,2,2)
,(186,'Enrique','Hernandez','2021-07-19','BOS','TOR','W 13-4',5,3,3,2,3)
,(187,'Juan','Soto','2021-07-19','WSN','MIA','W 18-1',4,3,3,2,5)
,(188,'Michael','Conforto','2021-07-19','NYM','CIN','W 15-11',6,3,3,2,3)
,(189,'J.D.','Davis','2021-07-17','NYM','PIT','L 7-9',4,2,3,2,4)
,(190,'Max','Muncy','2021-07-17','LAD','COL','W 9-2',5,2,4,2,5)
,(191,'Wil','Myers','2021-07-16','SDP','WSN','W 24-8',6,3,3,2,7)
,(192,'Juan','Soto','2021-07-16','WSN','SDP','L 8-24',5,2,4,2,4)
,(193,'Mike','Yastrzemski','2021-07-16','SFG','STL','W 7-2',4,2,2,2,4)
,(194,'Vladimir','Guerrero','2021-07-16','TOR','TEX','W 10-2',3,3,2,2,4)
,(195,'Andrew','Vaughn','2021-07-11','CHW','BAL','W 7-5',4,2,2,2,4)
,(196,'Dansby','Swanson','2021-07-11','ATL','MIA','L 4-7',3,2,2,2,2)
,(197,'Matt','Olson','2021-07-11','OAK','TEX','W 4-1',4,2,2,2,2)
,(198,'Rodolfo','Castro','2021-07-11','PIT','NYM','W 6-5',4,2,2,2,3)
,(199,'AJ','Pollock','2021-07-10','LAD','ARI','W 22-1',4,3,4,2,2)
,(200,'Albert','Pujols','2021-07-10','LAD','ARI','W 22-1',6,2,3,2,3)
,(201,'Brandon','Lowe','2021-07-10','TBR','TOR','W 5-2',3,2,2,2,3)
,(202,'Jonathan','Villar','2021-07-09','NYM','PIT','W 13-4',4,2,2,2,2)
,(203,'Carlos','Santana','2021-07-08','KCR','CLE','L 4-7',3,2,2,2,2)
,(204,'Trea','Turner','2021-07-08','WSN','SDP','L 8-9',5,3,3,2,3)
,(205,'Jared','Walsh','2021-07-07','LAA','BOS','W 5-4',4,2,2,2,3)
,(206,'Garrett','Cooper','2021-07-07','MIA','LAD','W 9-6',3,2,3,2,2)
,(207,'Joey','Gallo','2021-07-07','TEX','DET','L 3-5',3,2,2,2,3)
,(208,'Yordan','Álvarez','2021-07-06','HOU','OAK','W 9-6',3,3,3,2,5)
,(209,'Javier','Baez','2021-07-06','CHC','PHI','L 10-15',4,2,2,2,4)
,(210,'Ben','Gamel','2021-07-05','PIT','ATL','W 11-1',5,3,3,2,6)
,(211,'Max','Kepler','2021-07-05','MIN','CHW','W 8-5',3,3,2,2,3)
,(212,'Manny','Machado','2021-07-04','SDP','PHI','W 11-1',2,3,2,2,5)
,(213,'Eric','Haase','2021-07-03','DET','CHW','W 11-5',4,2,3,2,6)
,(214,'John','Hicks','2021-07-03','TEX','SEA','W 7-3',4,2,2,2,2)
,(215,'Shohei','Ohtani','2021-07-02','LAA','BAL','W 8-7',4,3,2,2,3)
,(216,'Nathaniel','Lowe','2021-07-01','TEX','OAK','W 8-3',4,2,2,2,3)
,(217,'Dominic','Smith','2021-07-01','NYM','ATL','L 3-4',4,2,2,2,2)
,(218,'Bobby','Bradley','2021-06-30','CLE','DET','L 4-9',3,2,2,2,2)
,(219,'Ozzie','Albies','2021-06-30','ATL','NYM','W 20-2',6,4,5,2,7)
,(220,'Jared','Walsh','2021-06-30','LAA','NYY','W 11-8',5,2,2,2,5)
,(221,'Luis','Urias','2021-06-30','MIL','CHC','W 15-7',5,3,4,2,4)
,(222,'Trent','Grisham','2021-06-30','SDP','CIN','W 7-5',3,2,2,2,5)
,(223,'Yasmani','Grandal','2021-06-30','CHW','MIN','W 13-3',5,2,2,2,5)
,(224,'Bryce','Harper','2021-06-30','PHI','MIA','L 6-11',5,2,3,2,2)
,(225,'Joey','Gallo','2021-06-29','TEX','OAK','W 5-4',3,2,2,2,2)
,(226,'Shohei','Ohtani','2021-06-29','LAA','NYY','L 5-11',5,2,2,2,3)
,(227,'Kyle','Schwarber','2021-06-28','WSN','NYM','W 8-4',5,2,3,2,2)
,(228,'Hunter','Renfroe','2021-06-28','BOS','KCR','W 6-5',4,2,2,2,3)
,(229,'Taylor','Trammell','2021-06-26','SEA','CHW','W 3-2',3,2,2,2,2)
,(230,'Joey','Gallo','2021-06-26','TEX','KCR','W 8-0',3,2,2,2,5)
,(231,'Luis','Torrens','2021-06-25','SEA','CHW','W 9-3',5,2,2,2,4)
,(232,'Kyle','Schwarber','2021-06-24','WSN','MIA','W 7-3',4,2,2,2,4)
,(233,'Trevor','Story','2021-06-23','COL','SEA','W 5-2',4,2,2,2,3)
,(234,'Adolis','García','2021-06-23','TEX','OAK','W 5-3',4,2,2,2,2)
,(235,'Wilmer','Flores','2021-06-20','SFG','PHI','W 11-2',4,3,4,2,2)
,(236,'Trey','Mancini','2021-06-20','BAL','TOR','L 4-7',4,2,2,2,3)
,(237,'Kyle','Schwarber','2021-06-19','WSN','NYM','W 6-2',4,2,2,2,4)
,(238,'Francisco','Lindor','2021-06-19','NYM','WSN','W 5-1',4,2,3,2,5)
,(239,'Cedric','Mullins','2021-06-19','BAL','TOR','L 7-10',5,2,2,2,2)
,(240,'Marcus','Semien','2021-06-19','TOR','BAL','W 10-7',4,3,2,2,3)
,(241,'Harold','Ramirez','2021-06-19','CLE','PIT','L 3-6',4,2,2,2,2)
,(242,'Adam','Duvall','2021-06-19','MIA','CHC','W 11-1',4,3,2,2,4)
,(243,'Rhys','Hoskins','2021-06-19','PHI','SFG','W 13-6',6,2,3,2,6)
,(244,'Adam','Duvall','2021-06-18','MIA','CHC','W 10-2',4,3,3,2,6)
,(245,'Cedric','Mullins','2021-06-18','BAL','TOR','W 7-1',4,2,3,2,4)
,(246,'Wil','Myers','2021-06-18','SDP','CIN','W 8-2',4,2,3,2,2)
,(247,'Shohei','Ohtani','2021-06-18','LAA','DET','W 11-3',5,2,2,2,3)
,(248,'Joc','Pederson','2021-06-18','CHC','MIA','L 2-10',4,2,2,2,2)
,(249,'Chas','McCormick','2021-06-16','HOU','TEX','W 8-4',4,2,2,2,3)
,(250,'Jose','Altuve','2021-06-16','HOU','TEX','W 8-4',4,2,2,2,2)
,(251,'Eli','White','2021-06-16','TEX','HOU','L 4-8',3,2,2,2,2)
,(252,'Kyle','Schwarber','2021-06-13','WSN','SFG','W 5-0',4,2,2,2,4)
,(253,'Matt','Olson','2021-06-13','OAK','KCR','W 6-3',4,2,2,2,2)
,(254,'Teoscar','Hernandez','2021-06-13','TOR','BOS','W 18-4',6,2,3,2,6)
,(255,'Josh','Rojas','2021-06-12','ARI','LAA','L 7-8',5,2,2,2,2)
,(256,'Salvador','Perez','2021-06-11','KCR','OAK','L 3-4',4,2,3,2,2)
,(257,'Josh','Donaldson','2021-06-11','MIN','HOU','L 4-6',4,2,2,2,2)
,(258,'Mitch','Haniger','2021-06-10','SEA','DET','L 3-8',4,2,2,2,2)
,(259,'Kevin','Pillar','2021-06-09','NYM','BAL','W 14-1',4,2,3,2,4)
,(260,'Jorge','Polanco','2021-06-09','MIN','NYY','L 6-9',5,2,2,2,3)
,(261,'Ryan','Zimmerman','2021-06-09','WSN','TBR','W 9-7',4,2,2,2,3)
,(262,'Giancarlo','Stanton','2021-06-09','NYY','MIN','W 9-6',5,2,3,2,5)
,(263,'Justin','Turner','2021-06-09','LAD','PIT','W 2-1',5,2,3,2,2)
,(264,'Tyler','O''Neill','2021-06-09','STL','CLE','W 8-2',4,3,3,2,3)
,(265,'Billy','McKinney','2021-06-09','NYM','BAL','W 14-1',5,3,3,2,5)
,(266,'Pete','Alonso','2021-06-08','NYM','BAL','L 3-10',4,2,2,2,3)
,(267,'Brandon','Crawford','2021-06-08','SFG','TEX','W 9-4',3,3,2,2,4)
,(268,'Patrick','Wisdom','2021-06-06','CHC','SFG','W 4-3',4,2,2,2,3)
,(269,'Josh','Rojas','2021-06-05','ARI','MIL','L 5-7',5,2,2,2,2)
,(270,'Eric','Haase','2021-06-05','DET','CHW','W 4-3',4,2,2,2,3)
,(271,'Cedric','Mullins','2021-06-05','BAL','CLE','L 4-10',5,3,5,2,2)
,(272,'Jonathan','Schoop','2021-06-04','DET','CHW','L 8-9',4,2,4,2,5)
,(273,'Carlos','Correa','2021-06-04','HOU','TOR','W 13-1',5,2,2,2,4)
,(274,'Yasmani','Grandal','2021-06-04','CHW','DET','W 9-8',2,3,2,2,2)
,(275,'Josh','Donaldson','2021-06-03','MIN','KCR','L 5-6',5,3,3,2,2)
,(276,'Salvador','Perez','2021-06-03','KCR','MIN','W 6-5',4,2,2,2,2)
,(277,'Randal','Grichuk','2021-06-02','TOR','MIA','W 6-5',5,2,2,2,2)
,(278,'Eric','Haase','2021-06-01','DET','MIL','W 10-7',3,3,2,2,2)
,(279,'Odubel','Herrera','2021-06-01','PHI','CIN','W 17-3',6,3,3,2,3)
,(280,'Salvador','Perez','2021-06-01','KCR','PIT','W 10-5',4,2,2,2,3)
,(281,'Andrew','McCutchen','2021-06-01','PHI','CIN','W 17-3',3,2,2,2,4)
,(282,'Jonathan','Schoop','2021-06-01','DET','MIL','W 10-7',5,2,3,2,3)
,(283,'Kolten','Wong','2021-06-01','MIL','DET','L 7-10',5,2,2,2,3)
,(284,'Tyrone','Taylor','2021-06-01','MIL','DET','L 7-10',4,2,2,2,2)
,(285,'Cesar','Hernandez','2021-05-31','CLE','CHW','L 6-8',4,2,2,2,2)
,(286,'Patrick','Wisdom','2021-05-31','CHC','SDP','W 7-2',4,2,3,2,2)
,(287,'Gavin','Lux','2021-05-31','LAD','STL','W 9-4',4,2,2,2,2)
,(288,'Javier','Baez','2021-05-31','CHC','SDP','W 7-2',4,2,2,2,3)
,(289,'Freddy','Galvis','2021-05-29','BAL','CHW','L 4-7',4,2,2,2,2)
,(290,'Tommy','Edman','2021-05-26','STL','CHW','W 4-0',4,2,2,2,2)
,(291,'Joc','Pederson','2021-05-25','CHC','PIT','W 4-3',5,2,3,2,3)
,(292,'Vladimir','Guerrero','2021-05-24','TOR','TBR','L 8-14',5,2,2,2,3)
,(293,'Austin','Riley','2021-05-23','ATL','PIT','W 7-1',4,2,2,2,5)
,(294,'Fernando','Tatis','2021-05-23','SDP','SEA','W 9-2',3,3,3,2,6)
,(295,'Adolis','García','2021-05-22','TEX','HOU','W 8-4',5,2,2,2,2)
,(296,'Ozzie','Albies','2021-05-22','ATL','PIT','W 6-1',4,2,2,2,3)
,(297,'Miguel','Cabrera','2021-05-21','DET','KCR','W 7-5',5,2,3,2,5)
,(298,'Vladimir','Guerrero','2021-05-21','TOR','TBR','L 7-9',5,2,3,2,4)
,(299,'Austin','Riley','2021-05-21','ATL','PIT','W 20-1',4,2,3,2,3)
,(300,'Ryan','McMahon','2021-05-21','COL','ARI','W 7-1',4,2,2,2,3);
